-- Valentina Studio --
-- MySQL dump --
-- ---------------------------------------------------------


/*!40101 SET @OLD_CHARACTER_SET_CLIENT=@@CHARACTER_SET_CLIENT */;
/*!40101 SET @OLD_CHARACTER_SET_RESULTS=@@CHARACTER_SET_RESULTS */;
/*!40101 SET @OLD_COLLATION_CONNECTION=@@COLLATION_CONNECTION */;
/*!40014 SET @OLD_FOREIGN_KEY_CHECKS=@@FOREIGN_KEY_CHECKS, FOREIGN_KEY_CHECKS=0 */;
/*!40101 SET @OLD_SQL_MODE=@@SQL_MODE, SQL_MODE='NO_AUTO_VALUE_ON_ZERO' */;
-- ---------------------------------------------------------


-- Dump data of "answers" ----------------------------------
INSERT INTO `answers`(`id`,`q01`,`q02`,`q03`,`q04`,`q05`,`q06`,`q07`,`q08`,`q09`,`createdAt`,`updatedAt`,`UserId`) VALUES ( '1', 'I\'m looking for somebody to play video games with.', 'Working at Wendys.', 'almost every night', 'My vast collection of pudding.', 'casually', 'Sitting around with my cats. Playing  lots of old video games.', 'Dave Thomas from Wendys.  How is his food so delicious?', 'I\'ve always wanted to visit Japan.  I heard the food there is great, and there are some other sites and sounds I want to try.', 'I try not to think or talk about it too much.  Just like politics. ', '2016-10-28 13:33:54', '2016-10-28 14:38:05', '1' );
INSERT INTO `answers`(`id`,`q01`,`q02`,`q03`,`q04`,`q05`,`q06`,`q07`,`q08`,`q09`,`createdAt`,`updatedAt`,`UserId`) VALUES ( '2', 'A sweet girl how likes funky times and laughing.', 'Playing for the New York Giants, my favorite football.', 'weekends and special occasions', 'My band.  I"m a singer and songwriter for a band.', 'occasionally', 'Listening to rush, eating lots of junk food, hanging with my friends.', 'Geddy Lee of Rush.  Such great licks.', 'I\'ve always wanted to visit Mexico but never had the time.', 'Being jewish is the coolest :)', '2016-10-28 13:34:25', '2016-10-28 14:44:40', '2' );
INSERT INTO `answers`(`id`,`q01`,`q02`,`q03`,`q04`,`q05`,`q06`,`q07`,`q08`,`q09`,`createdAt`,`updatedAt`,`UserId`) VALUES ( '3', 'A soul mate.  I\'m into destiny.', 'Professor of Awesome at the university of badass.', 'out every night', 'My daughter.', 'occasionally', 'Reading books, writing tasty jams on my keys, late brunch.', 'leonardo da vinci', 'I\'ve already been around the world, I prefer to stay at home.', 'Math is my religion.  ', '2016-10-28 13:34:55', '2016-10-28 14:50:00', '3' );
INSERT INTO `answers`(`id`,`q01`,`q02`,`q03`,`q04`,`q05`,`q06`,`q07`,`q08`,`q09`,`createdAt`,`updatedAt`,`UserId`) VALUES ( '4', 'A life long mate to watch soccer with me.', 'Painter.  ', 'almost every night', 'My garden.  It has a wide variety of flowers.', 'never', 'Drawing the sunset at sunset, drawing the moon at night, grabbing a pint in between.', 'Bill Watterson, he\'s had such an impact on my work', 'Australia', 'I\'ve accepted Jesus Christ as my lord and savior.  His hand guides me through life.', '2016-10-28 13:35:45', '2016-10-28 14:55:00', '4' );
INSERT INTO `answers`(`id`,`q01`,`q02`,`q03`,`q04`,`q05`,`q06`,`q07`,`q08`,`q09`,`createdAt`,`updatedAt`,`UserId`) VALUES ( '5', 'Just a friend, maybe something else a little later on.', 'Opera singer.', 'almost every night', 'My two parrots.  They are so well behaved.', 'casually', 'Checking out the sites and sounds of my adopted hometown, NYC.', 'Luciano Pavarotti', 'I\'ve always wanted to visit Italy.  Heard the bread is fantastic.', 'I\'m spiritual but not very religious.  ', '2016-10-28 13:36:02', '2016-10-28 15:02:53', '5' );
INSERT INTO `answers`(`id`,`q01`,`q02`,`q03`,`q04`,`q05`,`q06`,`q07`,`q08`,`q09`,`createdAt`,`updatedAt`,`UserId`) VALUES ( '6', 'A good time ;)', 'Video editor for a major movie studio.', 'weekends and special occasions', 'My collections of baseball cards.  ', 'casually', 'Going out to see a few local rock bands, home cooked meals, listening to Sammy Davis Jr.', 'Sammy Davis Jr, I\'ve always dug his music.', 'Israel', 'I can\'t be bothered', '2016-10-28 13:36:52', '2016-10-28 16:29:00', '6' );
INSERT INTO `answers`(`id`,`q01`,`q02`,`q03`,`q04`,`q05`,`q06`,`q07`,`q08`,`q09`,`createdAt`,`updatedAt`,`UserId`) VALUES ( '7', 'A girl to share my passion with.', 'Head chef at my favorite restaurant. Food by the Bucket.', 'out every night', 'I\'ve never failed a food challenge in my life.', 'intense', 'Playing WOW, eatin cheesy poofs, hanging with my friends.', 'Alexander Hamilton.  He\'s so cool, everybody talks about him like all the time now.', 'Italy, home of the pizza.  I love me some pizza.', 'I love me some jesus, don\'t know why everybody else in the world can\'t just admit they do too.', '2016-10-28 13:37:38', '2016-10-28 16:45:40', '7' );
INSERT INTO `answers`(`id`,`q01`,`q02`,`q03`,`q04`,`q05`,`q06`,`q07`,`q08`,`q09`,`createdAt`,`updatedAt`,`UserId`) VALUES ( '8', 'A nice girl to sit and watch movies with me.  Hard to find at my age, been married 3 times', 'Casino operator in Atlantic City New Jersey', 'special occasions only', 'My amazing daughter, she\' s an exotic dancer.', 'casually', 'Watching Star Wars, complaining about the internet on the internet,  drinking, women of the night...', 'George Lucas.  He\'s a hack fraud and I want to say that to his face.', 'The arctic.  ', 'I pray everyday.', '2016-10-28 13:37:56', '2016-10-28 16:57:45', '8' );
INSERT INTO `answers`(`id`,`q01`,`q02`,`q03`,`q04`,`q05`,`q06`,`q07`,`q08`,`q09`,`createdAt`,`updatedAt`,`UserId`) VALUES ( '9', NULL, NULL, NULL, NULL, NULL, NULL, NULL, NULL, NULL, '2016-10-28 13:39:01', '2016-10-28 13:39:01', '9' );
INSERT INTO `answers`(`id`,`q01`,`q02`,`q03`,`q04`,`q05`,`q06`,`q07`,`q08`,`q09`,`createdAt`,`updatedAt`,`UserId`) VALUES ( '10', NULL, NULL, NULL, NULL, NULL, NULL, NULL, NULL, NULL, '2016-10-28 13:41:12', '2016-10-28 13:41:12', '10' );
INSERT INTO `answers`(`id`,`q01`,`q02`,`q03`,`q04`,`q05`,`q06`,`q07`,`q08`,`q09`,`createdAt`,`updatedAt`,`UserId`) VALUES ( '11', NULL, NULL, NULL, NULL, NULL, NULL, NULL, NULL, NULL, '2016-10-28 13:41:48', '2016-10-28 13:41:48', '11' );
INSERT INTO `answers`(`id`,`q01`,`q02`,`q03`,`q04`,`q05`,`q06`,`q07`,`q08`,`q09`,`createdAt`,`updatedAt`,`UserId`) VALUES ( '12', NULL, NULL, NULL, NULL, NULL, NULL, NULL, NULL, NULL, '2016-10-28 14:08:06', '2016-10-28 14:08:06', '12' );
INSERT INTO `answers`(`id`,`q01`,`q02`,`q03`,`q04`,`q05`,`q06`,`q07`,`q08`,`q09`,`createdAt`,`updatedAt`,`UserId`) VALUES ( '13', NULL, NULL, NULL, NULL, NULL, NULL, NULL, NULL, NULL, '2016-10-28 14:08:56', '2016-10-28 14:08:56', '13' );
INSERT INTO `answers`(`id`,`q01`,`q02`,`q03`,`q04`,`q05`,`q06`,`q07`,`q08`,`q09`,`createdAt`,`updatedAt`,`UserId`) VALUES ( '14', NULL, NULL, NULL, NULL, NULL, NULL, NULL, NULL, NULL, '2016-10-28 14:09:59', '2016-10-28 14:09:59', '14' );
INSERT INTO `answers`(`id`,`q01`,`q02`,`q03`,`q04`,`q05`,`q06`,`q07`,`q08`,`q09`,`createdAt`,`updatedAt`,`UserId`) VALUES ( '15', NULL, NULL, NULL, NULL, NULL, NULL, NULL, NULL, NULL, '2016-10-28 14:10:21', '2016-10-28 14:10:21', '15' );
INSERT INTO `answers`(`id`,`q01`,`q02`,`q03`,`q04`,`q05`,`q06`,`q07`,`q08`,`q09`,`createdAt`,`updatedAt`,`UserId`) VALUES ( '16', NULL, NULL, NULL, NULL, NULL, NULL, NULL, NULL, NULL, '2016-10-28 14:11:28', '2016-10-28 14:11:28', '16' );
INSERT INTO `answers`(`id`,`q01`,`q02`,`q03`,`q04`,`q05`,`q06`,`q07`,`q08`,`q09`,`createdAt`,`updatedAt`,`UserId`) VALUES ( '17', NULL, NULL, NULL, NULL, NULL, NULL, NULL, NULL, NULL, '2016-10-28 14:12:13', '2016-10-28 14:12:13', '17' );
INSERT INTO `answers`(`id`,`q01`,`q02`,`q03`,`q04`,`q05`,`q06`,`q07`,`q08`,`q09`,`createdAt`,`updatedAt`,`UserId`) VALUES ( '18', NULL, NULL, NULL, NULL, NULL, NULL, NULL, NULL, NULL, '2016-10-28 14:12:55', '2016-10-28 14:12:55', '18' );
INSERT INTO `answers`(`id`,`q01`,`q02`,`q03`,`q04`,`q05`,`q06`,`q07`,`q08`,`q09`,`createdAt`,`updatedAt`,`UserId`) VALUES ( '19', NULL, NULL, NULL, NULL, NULL, NULL, NULL, NULL, NULL, '2016-10-28 14:13:35', '2016-10-28 14:13:35', '19' );
INSERT INTO `answers`(`id`,`q01`,`q02`,`q03`,`q04`,`q05`,`q06`,`q07`,`q08`,`q09`,`createdAt`,`updatedAt`,`UserId`) VALUES ( '20', NULL, NULL, NULL, NULL, NULL, NULL, NULL, NULL, NULL, '2016-10-28 14:14:43', '2016-10-28 14:14:43', '20' );
INSERT INTO `answers`(`id`,`q01`,`q02`,`q03`,`q04`,`q05`,`q06`,`q07`,`q08`,`q09`,`createdAt`,`updatedAt`,`UserId`) VALUES ( '21', 'Just a good time.  Somebody I can read the news with while watching CNN.', 'Reporter for Buzzfeed.  J/k,  Reporter for the New York Times.', 'out every night', 'My dog mittens, she\'s such a good girl!', 'intense', 'Starbucks every morning, Jersey Shore', 'Thomas Jefferson.  We share a birthday.', 'Uruguay.  Such underrated cuisine.  ', 'Spiritually Jewish.', '2016-10-28 14:17:19', '2016-10-28 17:19:56', '21' );
INSERT INTO `answers`(`id`,`q01`,`q02`,`q03`,`q04`,`q05`,`q06`,`q07`,`q08`,`q09`,`createdAt`,`updatedAt`,`UserId`) VALUES ( '22', 'I just want somebody to travel with.  I love traveling. ', 'Ever since I was young, I always wanted to be the the Postmaster General.  Nowadays, I just want to get a nice corner office where I currently work.  ', 'out every night', 'When I was younger I was got first place in a national gymnastic competition.  I was have turned pro, but my parents wanted me to focus on my studies instead.', 'intense', 'Ideal weekend?  No such thing.  Every weekend is best if it was different from the rest.  However, if I had to choose, I suppose it could involve lots of sushi, wine, and dancing.', 'Jay Z!  ', 'I once went to Brazil on vacation, and if I could take time out of my busy schedule, I would like to go again.', 'Everybody should do their own thing, ya know?', '2016-10-28 14:17:41', '2016-10-28 23:37:30', '22' );
INSERT INTO `answers`(`id`,`q01`,`q02`,`q03`,`q04`,`q05`,`q06`,`q07`,`q08`,`q09`,`createdAt`,`updatedAt`,`UserId`) VALUES ( '23', 'Love.  Life.  Respect.  Nirvana.', 'My dream job is no job,  a world with no borders and no schedules to keep....', 'out every night', 'all the goodness and peace that my loved ones have brought me over the years', 'intense', 'Sun, morning yoga, tea, a cool dip in a lake, all vegan treats, ', 'eve', 'India.  Such a lovely place, with such lovely memories.  ', 'God is in all of us, and we are all god.', '2016-10-28 14:18:05', '2016-10-29 00:00:29', '23' );
INSERT INTO `answers`(`id`,`q01`,`q02`,`q03`,`q04`,`q05`,`q06`,`q07`,`q08`,`q09`,`createdAt`,`updatedAt`,`UserId`) VALUES ( '24', 'True love.  Or just a guy that wants to hang and drink some beers, watch the game.', 'Cheerleader for the New York Giants.  Mascot for the New York Giants.  Hot dog vendor for the New York Giants.  YOU GETTING A THEME YET!  LETS GO BLUE!', 'almost every night', 'My PHD in mathematical finance.', 'intense', 'Well we all know what I want to be doing on sunday ;-)', 'Michael Strahan', 'GIANTS STADIUM!', 'Football is religion.  Jesus is pretty good too :)', '2016-10-28 14:18:40', '2016-10-29 00:20:22', '24' );
INSERT INTO `answers`(`id`,`q01`,`q02`,`q03`,`q04`,`q05`,`q06`,`q07`,`q08`,`q09`,`createdAt`,`updatedAt`,`UserId`) VALUES ( '25', 'I don\'t know, but when I find it, I\'ll know.', 'My current job, at the local fresh co-op', 'out every night', 'How I\'ve ', 'casually', 'Jazz festival, local clubs, meeting new people, camping in the woods', 'Salvador Dali', 'Egypt', 'I\'m a devout catholic, and not afraid to share my beliefs with the world.', '2016-10-28 14:19:30', '2016-10-29 00:58:27', '25' );
INSERT INTO `answers`(`id`,`q01`,`q02`,`q03`,`q04`,`q05`,`q06`,`q07`,`q08`,`q09`,`createdAt`,`updatedAt`,`UserId`) VALUES ( '26', ' a drummer.  somebody to jam with, that keeps the beat, the occasion fill, but knows that as a guitarist, i drive the song', 'roadie for dan croll', 'out every night', '1974 fender strat.  hums like a bird, stings like a poison dart.  deadly,  beautiful, terrifying.', 'casually', 'pancakes, music, a ride to the shore, jamming on the beach, getting lost in the woods,  road tripping, laying underneath the stars.....', 'kurt cobain', 'seattle, 92', 'i\'m a devout buddhist, but if you\'re not, i\'m ok with it.  as long as you believe in something', '2016-10-28 14:20:49', '2016-10-29 14:17:07', '26' );
INSERT INTO `answers`(`id`,`q01`,`q02`,`q03`,`q04`,`q05`,`q06`,`q07`,`q08`,`q09`,`createdAt`,`updatedAt`,`UserId`) VALUES ( '27', 'Oh jeez I don\'t know, I\'m just trying this website cause my friend said it was cool.  ', 'Attorney General.  Or Pumpkin Spice Latte taste tester.  ', 'almost every night', 'I helped my dad renovate his kitchen last weekend.  He taught me so much about working with tools, it was nice to help him out.', 'casually', 'going to renaissance fair with my younger brother and older sister.', 'William Shakespeare', 'The Admont Library in Austria.  ', 'still looking ', '2016-10-28 14:21:45', '2016-10-29 14:27:54', '27' );
INSERT INTO `answers`(`id`,`q01`,`q02`,`q03`,`q04`,`q05`,`q06`,`q07`,`q08`,`q09`,`createdAt`,`updatedAt`,`UserId`) VALUES ( '28', NULL, NULL, NULL, NULL, NULL, NULL, NULL, NULL, NULL, '2016-10-28 14:22:28', '2016-10-28 14:22:28', '28' );
INSERT INTO `answers`(`id`,`q01`,`q02`,`q03`,`q04`,`q05`,`q06`,`q07`,`q08`,`q09`,`createdAt`,`updatedAt`,`UserId`) VALUES ( '29', NULL, NULL, NULL, NULL, NULL, NULL, NULL, NULL, NULL, '2016-10-28 14:22:57', '2016-10-28 14:22:57', '29' );
INSERT INTO `answers`(`id`,`q01`,`q02`,`q03`,`q04`,`q05`,`q06`,`q07`,`q08`,`q09`,`createdAt`,`updatedAt`,`UserId`) VALUES ( '30', NULL, NULL, NULL, NULL, NULL, NULL, NULL, NULL, NULL, '2016-10-28 14:24:44', '2016-10-28 14:24:44', '30' );
INSERT INTO `answers`(`id`,`q01`,`q02`,`q03`,`q04`,`q05`,`q06`,`q07`,`q08`,`q09`,`createdAt`,`updatedAt`,`UserId`) VALUES ( '31', NULL, NULL, NULL, NULL, NULL, NULL, NULL, NULL, NULL, '2016-10-28 14:25:05', '2016-10-28 14:25:05', '31' );
INSERT INTO `answers`(`id`,`q01`,`q02`,`q03`,`q04`,`q05`,`q06`,`q07`,`q08`,`q09`,`createdAt`,`updatedAt`,`UserId`) VALUES ( '32', NULL, NULL, NULL, NULL, NULL, NULL, NULL, NULL, NULL, '2016-10-28 14:26:11', '2016-10-28 14:26:11', '32' );
INSERT INTO `answers`(`id`,`q01`,`q02`,`q03`,`q04`,`q05`,`q06`,`q07`,`q08`,`q09`,`createdAt`,`updatedAt`,`UserId`) VALUES ( '33', NULL, NULL, NULL, NULL, NULL, NULL, NULL, NULL, NULL, '2016-10-28 14:27:06', '2016-10-28 14:27:06', '33' );
INSERT INTO `answers`(`id`,`q01`,`q02`,`q03`,`q04`,`q05`,`q06`,`q07`,`q08`,`q09`,`createdAt`,`updatedAt`,`UserId`) VALUES ( '34', NULL, NULL, NULL, NULL, NULL, NULL, NULL, NULL, NULL, '2016-10-28 14:28:14', '2016-10-28 14:28:14', '34' );
INSERT INTO `answers`(`id`,`q01`,`q02`,`q03`,`q04`,`q05`,`q06`,`q07`,`q08`,`q09`,`createdAt`,`updatedAt`,`UserId`) VALUES ( '35', NULL, NULL, NULL, NULL, NULL, NULL, NULL, NULL, NULL, '2016-10-28 14:28:54', '2016-10-28 14:28:54', '35' );
INSERT INTO `answers`(`id`,`q01`,`q02`,`q03`,`q04`,`q05`,`q06`,`q07`,`q08`,`q09`,`createdAt`,`updatedAt`,`UserId`) VALUES ( '36', NULL, NULL, NULL, NULL, NULL, NULL, NULL, NULL, NULL, '2016-10-28 14:29:14', '2016-10-28 14:29:14', '36' );
INSERT INTO `answers`(`id`,`q01`,`q02`,`q03`,`q04`,`q05`,`q06`,`q07`,`q08`,`q09`,`createdAt`,`updatedAt`,`UserId`) VALUES ( '37', NULL, NULL, NULL, NULL, NULL, NULL, NULL, NULL, NULL, '2016-10-28 14:30:06', '2016-10-28 14:30:06', '37' );
INSERT INTO `answers`(`id`,`q01`,`q02`,`q03`,`q04`,`q05`,`q06`,`q07`,`q08`,`q09`,`createdAt`,`updatedAt`,`UserId`) VALUES ( '38', NULL, NULL, NULL, NULL, NULL, NULL, NULL, NULL, NULL, '2016-10-28 14:30:32', '2016-10-28 14:30:32', '38' );
INSERT INTO `answers`(`id`,`q01`,`q02`,`q03`,`q04`,`q05`,`q06`,`q07`,`q08`,`q09`,`createdAt`,`updatedAt`,`UserId`) VALUES ( '39', NULL, NULL, NULL, NULL, NULL, NULL, NULL, NULL, NULL, '2016-10-28 14:31:12', '2016-10-28 14:31:12', '39' );
INSERT INTO `answers`(`id`,`q01`,`q02`,`q03`,`q04`,`q05`,`q06`,`q07`,`q08`,`q09`,`createdAt`,`updatedAt`,`UserId`) VALUES ( '40', NULL, NULL, NULL, NULL, NULL, NULL, NULL, NULL, NULL, '2016-10-28 14:31:47', '2016-10-28 14:31:47', '40' );
INSERT INTO `answers`(`id`,`q01`,`q02`,`q03`,`q04`,`q05`,`q06`,`q07`,`q08`,`q09`,`createdAt`,`updatedAt`,`UserId`) VALUES ( '41', NULL, NULL, NULL, NULL, NULL, NULL, NULL, NULL, NULL, '2016-10-29 15:48:28', '2016-10-29 15:48:28', '41' );
INSERT INTO `answers`(`id`,`q01`,`q02`,`q03`,`q04`,`q05`,`q06`,`q07`,`q08`,`q09`,`createdAt`,`updatedAt`,`UserId`) VALUES ( '42', NULL, NULL, NULL, NULL, NULL, NULL, NULL, NULL, NULL, '2016-10-29 15:49:53', '2016-10-29 15:49:53', '42' );
-- ---------------------------------------------------------


-- Dump data of "matchdata" --------------------------------
INSERT INTO `matchdata`(`id`,`UserId`,`matchArray`,`currentPrime`,`matchId`,`createdAt`,`updatedAt`) VALUES ( '1', '1', '[{"id":5,"email":"jontron@gmail.com","uuid":"782774d0-9d13-11e6-a466-7b584387ece1","password":"$2a$10$8B6LtRF/1BmFNb6SzxXss.m7aPrj3Jw1wg5gZkGBBHI38IWoZs.m2","firstname":"Jon","lastname":"Tron","greeting":true,"match":true,"age":20,"city":"Liberty City","upper":34,"lower":19,"seeking":"F","gender":"M","lastMatch":"2016-10-28T13:36:02.000Z","dailyMatch":null,"dailyMatchCount":0,"score":0,"createdAt":"2016-10-28T13:36:02.000Z","updatedAt":"2016-10-28T15:02:54.000Z","Answers":[{"q01":"Just a friend, maybe something else a little later on.","q02":"Opera singer.","q03":"almost every night","q04":"My two parrots.  They are so well behaved.","q05":"casually","q06":"Checking out the sites and sounds of my adopted hometown, NYC.","q07":"Luciano Pavarotti","q08":"I\'ve always wanted to visit Italy.  Heard the bread is fantastic.","q09":"I\'m spiritual but not very religious.  "}]},{"id":4,"email":"ross@gmail.com","uuid":"6d9ffdc0-9d13-11e6-a466-7b584387ece1","password":"$2a$10$FQtBpbhpwp9sz76UYt9liOc2KHWRiYhHYTiwBLaqwL0xUtfeaDkK2","firstname":"Ross","lastname":"Don","greeting":true,"match":true,"age":32,"city":"Liberty City","upper":49,"lower":21,"seeking":"F","gender":"M","lastMatch":"2016-10-28T13:35:45.000Z","dailyMatch":null,"dailyMatchCount":0,"score":0,"createdAt":"2016-10-28T13:35:45.000Z","updatedAt":"2016-10-28T14:55:03.000Z","Answers":[{"q01":"A life long mate to watch soccer with me.","q02":"Painter.  ","q03":"almost every night","q04":"My garden.  It has a wide variety of flowers.","q05":"never","q06":"Drawing the sunset at sunset, drawing the moon at night, grabbing a pint in between.","q07":"Bill Watterson, he\'s had such an impact on my work","q08":"Australia","q09":"I\'ve accepted Jesus Christ as my lord and savior.  His hand guides me through life."}]}]', '{"id":27,"city":"Liberty City","upper":20,"lower":29,"age":24,"seeking":"M","gender":"F","Answers":[{"q01":"Oh jeez I don\'t know, I\'m just trying this website cause my friend said it was cool.  ","q02":"Attorney General.  Or Pumpkin Spice Latte taste tester.  ","q03":"almost every night","q04":"I helped my dad renovate his kitchen last weekend.  He taught me so much about working with tools, it was nice to help him out.","q05":"casually","q06":"going to renaissance fair with my younger brother and older sister.","q07":"William Shakespeare","q08":"The Admont Library in Austria.  ","q09":"still looking "}]}', '5', '2016-10-29 15:49:53', '2016-10-29 19:19:30' );
INSERT INTO `matchdata`(`id`,`UserId`,`matchArray`,`currentPrime`,`matchId`,`createdAt`,`updatedAt`) VALUES ( '2', '2', '[{"id":4,"email":"ross@gmail.com","uuid":"6d9ffdc0-9d13-11e6-a466-7b584387ece1","password":"$2a$10$FQtBpbhpwp9sz76UYt9liOc2KHWRiYhHYTiwBLaqwL0xUtfeaDkK2","firstname":"Ross","lastname":"Don","greeting":true,"match":true,"age":32,"city":"Liberty City","upper":49,"lower":21,"seeking":"F","gender":"M","lastMatch":"2016-10-28T13:35:45.000Z","dailyMatch":null,"dailyMatchCount":0,"score":0,"createdAt":"2016-10-28T13:35:45.000Z","updatedAt":"2016-10-28T14:55:03.000Z","Answers":[{"q01":"A life long mate to watch soccer with me.","q02":"Painter.  ","q03":"almost every night","q04":"My garden.  It has a wide variety of flowers.","q05":"never","q06":"Drawing the sunset at sunset, drawing the moon at night, grabbing a pint in between.","q07":"Bill Watterson, he\'s had such an impact on my work","q08":"Australia","q09":"I\'ve accepted Jesus Christ as my lord and savior.  His hand guides me through life."}]}]', '{"id":27,"city":"Liberty City","upper":20,"lower":29,"age":24,"seeking":"M","gender":"F","Answers":[{"q01":"Oh jeez I don\'t know, I\'m just trying this website cause my friend said it was cool.  ","q02":"Attorney General.  Or Pumpkin Spice Latte taste tester.  ","q03":"almost every night","q04":"I helped my dad renovate his kitchen last weekend.  He taught me so much about working with tools, it was nice to help him out.","q05":"casually","q06":"going to renaissance fair with my younger brother and older sister.","q07":"William Shakespeare","q08":"The Admont Library in Austria.  ","q09":"still looking "}]}', '4', '2016-10-29 15:49:53', '2016-10-29 19:24:13' );
INSERT INTO `matchdata`(`id`,`UserId`,`matchArray`,`currentPrime`,`matchId`,`createdAt`,`updatedAt`) VALUES ( '3', '3', '[{"id":25,"email":"annie@gmail.com","uuid":"8a819470-9d19-11e6-a466-7b584387ece1","password":"$2a$10$9uD7/j0ZRafOxYVKK6DruO.tsGeDhPoE3PB5.L6i7axk9XYG.UF62","firstname":"Annie","lastname":"Spam","greeting":true,"match":true,"age":38,"city":"Liberty City","upper":40,"lower":25,"seeking":"M","gender":"F","lastMatch":"2016-10-28T14:19:30.000Z","dailyMatch":null,"dailyMatchCount":0,"score":0,"createdAt":"2016-10-28T14:19:30.000Z","updatedAt":"2016-10-29T00:59:53.000Z","Answers":[{"q01":"I don\'t know, but when I find it, I\'ll know.","q02":"My current job, at the local fresh co-op","q03":"out every night","q04":"How I\'ve ","q05":"casually","q06":"Jazz festival, local clubs, meeting new people, camping in the woods","q07":"Salvador Dali","q08":"Egypt","q09":"I\'m a devout catholic, and not afraid to share my beliefs with the world."}]}]', '{"id":24,"city":"Liberty City","upper":35,"lower":24,"age":29,"seeking":"M","gender":"F","Answers":[{"q01":"True love.  Or just a guy that wants to hang and drink some beers, watch the game.","q02":"Cheerleader for the New York Giants.  Mascot for the New York Giants.  Hot dog vendor for the New York Giants.  YOU GETTING A THEME YET!  LETS GO BLUE!","q03":"almost every night","q04":"My PHD in mathematical finance.","q05":"intense","q06":"Well we all know what I want to be doing on sunday ;-)","q07":"Michael Strahan","q08":"GIANTS STADIUM!","q09":"Football is religion.  Jesus is pretty good too :)"}]}', '25', '2016-10-29 15:49:53', '2016-10-29 19:30:27' );
INSERT INTO `matchdata`(`id`,`UserId`,`matchArray`,`currentPrime`,`matchId`,`createdAt`,`updatedAt`) VALUES ( '4', '4', NULL, NULL, NULL, '2016-10-29 15:49:53', '2016-10-29 15:49:53' );
INSERT INTO `matchdata`(`id`,`UserId`,`matchArray`,`currentPrime`,`matchId`,`createdAt`,`updatedAt`) VALUES ( '5', '5', NULL, NULL, NULL, '2016-10-29 15:49:53', '2016-10-29 15:49:53' );
INSERT INTO `matchdata`(`id`,`UserId`,`matchArray`,`currentPrime`,`matchId`,`createdAt`,`updatedAt`) VALUES ( '6', '6', NULL, NULL, NULL, '2016-10-29 15:49:53', '2016-10-29 15:49:53' );
INSERT INTO `matchdata`(`id`,`UserId`,`matchArray`,`currentPrime`,`matchId`,`createdAt`,`updatedAt`) VALUES ( '7', '7', NULL, NULL, NULL, '2016-10-29 15:49:53', '2016-10-29 15:49:53' );
INSERT INTO `matchdata`(`id`,`UserId`,`matchArray`,`currentPrime`,`matchId`,`createdAt`,`updatedAt`) VALUES ( '8', '8', NULL, NULL, NULL, '2016-10-29 15:49:53', '2016-10-29 15:49:53' );
INSERT INTO `matchdata`(`id`,`UserId`,`matchArray`,`currentPrime`,`matchId`,`createdAt`,`updatedAt`) VALUES ( '9', '9', NULL, NULL, NULL, '2016-10-29 15:49:53', '2016-10-29 15:49:53' );
INSERT INTO `matchdata`(`id`,`UserId`,`matchArray`,`currentPrime`,`matchId`,`createdAt`,`updatedAt`) VALUES ( '10', '10', NULL, NULL, NULL, '2016-10-29 15:49:53', '2016-10-29 15:49:53' );
INSERT INTO `matchdata`(`id`,`UserId`,`matchArray`,`currentPrime`,`matchId`,`createdAt`,`updatedAt`) VALUES ( '11', '11', NULL, NULL, NULL, '2016-10-29 15:49:53', '2016-10-29 15:49:53' );
INSERT INTO `matchdata`(`id`,`UserId`,`matchArray`,`currentPrime`,`matchId`,`createdAt`,`updatedAt`) VALUES ( '12', '12', NULL, NULL, NULL, '2016-10-29 15:49:53', '2016-10-29 15:49:53' );
INSERT INTO `matchdata`(`id`,`UserId`,`matchArray`,`currentPrime`,`matchId`,`createdAt`,`updatedAt`) VALUES ( '13', '13', NULL, NULL, NULL, '2016-10-29 15:49:53', '2016-10-29 15:49:53' );
INSERT INTO `matchdata`(`id`,`UserId`,`matchArray`,`currentPrime`,`matchId`,`createdAt`,`updatedAt`) VALUES ( '14', '14', NULL, NULL, NULL, '2016-10-29 15:49:53', '2016-10-29 15:49:53' );
INSERT INTO `matchdata`(`id`,`UserId`,`matchArray`,`currentPrime`,`matchId`,`createdAt`,`updatedAt`) VALUES ( '15', '15', NULL, NULL, NULL, '2016-10-29 15:49:53', '2016-10-29 15:49:53' );
INSERT INTO `matchdata`(`id`,`UserId`,`matchArray`,`currentPrime`,`matchId`,`createdAt`,`updatedAt`) VALUES ( '16', '16', NULL, NULL, NULL, '2016-10-29 15:49:53', '2016-10-29 15:49:53' );
INSERT INTO `matchdata`(`id`,`UserId`,`matchArray`,`currentPrime`,`matchId`,`createdAt`,`updatedAt`) VALUES ( '17', '17', NULL, NULL, NULL, '2016-10-29 15:49:53', '2016-10-29 15:49:53' );
INSERT INTO `matchdata`(`id`,`UserId`,`matchArray`,`currentPrime`,`matchId`,`createdAt`,`updatedAt`) VALUES ( '18', '18', NULL, NULL, NULL, '2016-10-29 15:49:53', '2016-10-29 15:49:53' );
INSERT INTO `matchdata`(`id`,`UserId`,`matchArray`,`currentPrime`,`matchId`,`createdAt`,`updatedAt`) VALUES ( '19', '19', NULL, NULL, NULL, '2016-10-29 15:49:53', '2016-10-29 15:49:53' );
INSERT INTO `matchdata`(`id`,`UserId`,`matchArray`,`currentPrime`,`matchId`,`createdAt`,`updatedAt`) VALUES ( '20', '20', NULL, NULL, NULL, '2016-10-29 15:49:53', '2016-10-29 15:49:53' );
INSERT INTO `matchdata`(`id`,`UserId`,`matchArray`,`currentPrime`,`matchId`,`createdAt`,`updatedAt`) VALUES ( '21', '21', NULL, NULL, NULL, '2016-10-29 15:49:53', '2016-10-29 15:49:53' );
INSERT INTO `matchdata`(`id`,`UserId`,`matchArray`,`currentPrime`,`matchId`,`createdAt`,`updatedAt`) VALUES ( '22', '22', NULL, NULL, NULL, '2016-10-29 15:49:53', '2016-10-29 15:49:53' );
INSERT INTO `matchdata`(`id`,`UserId`,`matchArray`,`currentPrime`,`matchId`,`createdAt`,`updatedAt`) VALUES ( '23', '23', NULL, NULL, NULL, '2016-10-29 15:49:53', '2016-10-29 15:49:53' );
INSERT INTO `matchdata`(`id`,`UserId`,`matchArray`,`currentPrime`,`matchId`,`createdAt`,`updatedAt`) VALUES ( '24', '24', NULL, NULL, NULL, '2016-10-29 15:49:53', '2016-10-29 15:49:53' );
INSERT INTO `matchdata`(`id`,`UserId`,`matchArray`,`currentPrime`,`matchId`,`createdAt`,`updatedAt`) VALUES ( '25', '25', NULL, NULL, NULL, '2016-10-29 15:49:53', '2016-10-29 15:49:53' );
INSERT INTO `matchdata`(`id`,`UserId`,`matchArray`,`currentPrime`,`matchId`,`createdAt`,`updatedAt`) VALUES ( '26', '26', NULL, NULL, NULL, '2016-10-29 15:49:53', '2016-10-29 15:49:53' );
INSERT INTO `matchdata`(`id`,`UserId`,`matchArray`,`currentPrime`,`matchId`,`createdAt`,`updatedAt`) VALUES ( '27', '27', NULL, NULL, NULL, '2016-10-29 15:49:53', '2016-10-29 15:49:53' );
INSERT INTO `matchdata`(`id`,`UserId`,`matchArray`,`currentPrime`,`matchId`,`createdAt`,`updatedAt`) VALUES ( '28', '28', NULL, NULL, NULL, '2016-10-29 15:49:53', '2016-10-29 15:49:53' );
INSERT INTO `matchdata`(`id`,`UserId`,`matchArray`,`currentPrime`,`matchId`,`createdAt`,`updatedAt`) VALUES ( '29', '29', NULL, NULL, NULL, '2016-10-29 15:49:53', '2016-10-29 15:49:53' );
INSERT INTO `matchdata`(`id`,`UserId`,`matchArray`,`currentPrime`,`matchId`,`createdAt`,`updatedAt`) VALUES ( '30', '30', NULL, NULL, NULL, '2016-10-29 15:49:53', '2016-10-29 15:49:53' );
INSERT INTO `matchdata`(`id`,`UserId`,`matchArray`,`currentPrime`,`matchId`,`createdAt`,`updatedAt`) VALUES ( '31', '31', NULL, NULL, NULL, '2016-10-29 15:49:53', '2016-10-29 15:49:53' );
INSERT INTO `matchdata`(`id`,`UserId`,`matchArray`,`currentPrime`,`matchId`,`createdAt`,`updatedAt`) VALUES ( '32', '32', NULL, NULL, NULL, '2016-10-29 15:49:53', '2016-10-29 15:49:53' );
INSERT INTO `matchdata`(`id`,`UserId`,`matchArray`,`currentPrime`,`matchId`,`createdAt`,`updatedAt`) VALUES ( '33', '33', NULL, NULL, NULL, '2016-10-29 15:49:53', '2016-10-29 15:49:53' );
INSERT INTO `matchdata`(`id`,`UserId`,`matchArray`,`currentPrime`,`matchId`,`createdAt`,`updatedAt`) VALUES ( '34', '34', NULL, NULL, NULL, '2016-10-29 15:49:53', '2016-10-29 15:49:53' );
INSERT INTO `matchdata`(`id`,`UserId`,`matchArray`,`currentPrime`,`matchId`,`createdAt`,`updatedAt`) VALUES ( '35', '35', NULL, NULL, NULL, '2016-10-29 15:49:53', '2016-10-29 15:49:53' );
INSERT INTO `matchdata`(`id`,`UserId`,`matchArray`,`currentPrime`,`matchId`,`createdAt`,`updatedAt`) VALUES ( '36', '36', NULL, NULL, NULL, '2016-10-29 15:49:53', '2016-10-29 15:49:53' );
INSERT INTO `matchdata`(`id`,`UserId`,`matchArray`,`currentPrime`,`matchId`,`createdAt`,`updatedAt`) VALUES ( '37', '37', NULL, NULL, NULL, '2016-10-29 15:49:53', '2016-10-29 15:49:53' );
INSERT INTO `matchdata`(`id`,`UserId`,`matchArray`,`currentPrime`,`matchId`,`createdAt`,`updatedAt`) VALUES ( '38', '38', NULL, NULL, NULL, '2016-10-29 15:49:53', '2016-10-29 15:49:53' );
INSERT INTO `matchdata`(`id`,`UserId`,`matchArray`,`currentPrime`,`matchId`,`createdAt`,`updatedAt`) VALUES ( '39', '39', NULL, NULL, NULL, '2016-10-29 15:49:53', '2016-10-29 15:49:53' );
INSERT INTO `matchdata`(`id`,`UserId`,`matchArray`,`currentPrime`,`matchId`,`createdAt`,`updatedAt`) VALUES ( '40', '40', NULL, NULL, NULL, '2016-10-29 15:49:53', '2016-10-29 15:49:53' );
-- ---------------------------------------------------------


-- Dump data of "matcheds" ---------------------------------
INSERT INTO `matcheds`(`id`,`chat`,`user1`,`user1Vote`,`user2`,`user2Vote`,`yes`,`no`,`search`,`answered`,`avg`,`createdAt`,`updatedAt`,`MessageId`) VALUES ( '1', '0', '24', NULL, '4', NULL, '2', '2', 'OK', '0', '50', '2016-10-29 19:18:24', '2016-10-29 19:26:54', '1' );
INSERT INTO `matcheds`(`id`,`chat`,`user1`,`user1Vote`,`user2`,`user2Vote`,`yes`,`no`,`search`,`answered`,`avg`,`createdAt`,`updatedAt`,`MessageId`) VALUES ( '2', '0', '2', NULL, '26', NULL, '7', '0', 'OK', '0', '100', '2016-10-29 19:18:26', '2016-10-29 19:28:51', '1' );
INSERT INTO `matcheds`(`id`,`chat`,`user1`,`user1Vote`,`user2`,`user2Vote`,`yes`,`no`,`search`,`answered`,`avg`,`createdAt`,`updatedAt`,`MessageId`) VALUES ( '3', '0', '21', NULL, '6', NULL, '6', '1', 'OK', '0', '86', '2016-10-29 19:18:30', '2016-10-29 19:27:08', '1' );
INSERT INTO `matcheds`(`id`,`chat`,`user1`,`user1Vote`,`user2`,`user2Vote`,`yes`,`no`,`search`,`answered`,`avg`,`createdAt`,`updatedAt`,`MessageId`) VALUES ( '4', '0', '25', NULL, '8', NULL, '6', '2', 'OK', '0', '75', '2016-10-29 19:18:32', '2016-10-29 19:27:35', '1' );
INSERT INTO `matcheds`(`id`,`chat`,`user1`,`user1Vote`,`user2`,`user2Vote`,`yes`,`no`,`search`,`answered`,`avg`,`createdAt`,`updatedAt`,`MessageId`) VALUES ( '5', '0', '21', NULL, '3', NULL, '3', '0', 'OK', '0', '100', '2016-10-29 19:18:34', '2016-10-29 19:18:34', '1' );
INSERT INTO `matcheds`(`id`,`chat`,`user1`,`user1Vote`,`user2`,`user2Vote`,`yes`,`no`,`search`,`answered`,`avg`,`createdAt`,`updatedAt`,`MessageId`) VALUES ( '6', '0', '22', NULL, '5', NULL, '7', '0', 'OK', '0', '100', '2016-10-29 19:18:36', '2016-10-29 19:29:03', '1' );
INSERT INTO `matcheds`(`id`,`chat`,`user1`,`user1Vote`,`user2`,`user2Vote`,`yes`,`no`,`search`,`answered`,`avg`,`createdAt`,`updatedAt`,`MessageId`) VALUES ( '7', '0', '25', NULL, '7', NULL, '2', '1', 'OK', '0', '67', '2016-10-29 19:18:39', '2016-10-29 19:26:30', '1' );
INSERT INTO `matcheds`(`id`,`chat`,`user1`,`user1Vote`,`user2`,`user2Vote`,`yes`,`no`,`search`,`answered`,`avg`,`createdAt`,`updatedAt`,`MessageId`) VALUES ( '8', '0', '25', NULL, '3', NULL, '7', '0', 'OK', '0', '100', '2016-10-29 19:18:41', '2016-10-29 19:22:57', '1' );
INSERT INTO `matcheds`(`id`,`chat`,`user1`,`user1Vote`,`user2`,`user2Vote`,`yes`,`no`,`search`,`answered`,`avg`,`createdAt`,`updatedAt`,`MessageId`) VALUES ( '9', '0', '22', NULL, '6', NULL, '2', '2', 'OK', '0', '50', '2016-10-29 19:18:43', '2016-10-29 19:27:03', '1' );
INSERT INTO `matcheds`(`id`,`chat`,`user1`,`user1Vote`,`user2`,`user2Vote`,`yes`,`no`,`search`,`answered`,`avg`,`createdAt`,`updatedAt`,`MessageId`) VALUES ( '10', '0', '21', NULL, '5', NULL, '2', '3', 'OK', '0', '40', '2016-10-29 19:18:45', '2016-10-29 19:26:43', '1' );
INSERT INTO `matcheds`(`id`,`chat`,`user1`,`user1Vote`,`user2`,`user2Vote`,`yes`,`no`,`search`,`answered`,`avg`,`createdAt`,`updatedAt`,`MessageId`) VALUES ( '11', '0', '23', NULL, '8', NULL, '4', '0', 'OK', '0', '100', '2016-10-29 19:18:51', '2016-10-29 19:18:51', '1' );
INSERT INTO `matcheds`(`id`,`chat`,`user1`,`user1Vote`,`user2`,`user2Vote`,`yes`,`no`,`search`,`answered`,`avg`,`createdAt`,`updatedAt`,`MessageId`) VALUES ( '12', '0', '26', NULL, '3', NULL, '2', '0', 'OK', '0', '100', '2016-10-29 19:18:56', '2016-10-29 19:18:57', '1' );
INSERT INTO `matcheds`(`id`,`chat`,`user1`,`user1Vote`,`user2`,`user2Vote`,`yes`,`no`,`search`,`answered`,`avg`,`createdAt`,`updatedAt`,`MessageId`) VALUES ( '13', '0', '26', NULL, '8', NULL, '3', '0', 'OK', '0', '100', '2016-10-29 19:19:00', '2016-10-29 19:19:00', '1' );
INSERT INTO `matcheds`(`id`,`chat`,`user1`,`user1Vote`,`user2`,`user2Vote`,`yes`,`no`,`search`,`answered`,`avg`,`createdAt`,`updatedAt`,`MessageId`) VALUES ( '14', '0', '26', NULL, '5', NULL, '2', '4', 'OK', '0', '33', '2016-10-29 19:19:02', '2016-10-29 19:26:35', '1' );
INSERT INTO `matcheds`(`id`,`chat`,`user1`,`user1Vote`,`user2`,`user2Vote`,`yes`,`no`,`search`,`answered`,`avg`,`createdAt`,`updatedAt`,`MessageId`) VALUES ( '15', '0', '21', NULL, '8', NULL, '4', '0', 'OK', '0', '100', '2016-10-29 19:19:06', '2016-10-29 19:28:56', '1' );
INSERT INTO `matcheds`(`id`,`chat`,`user1`,`user1Vote`,`user2`,`user2Vote`,`yes`,`no`,`search`,`answered`,`avg`,`createdAt`,`updatedAt`,`MessageId`) VALUES ( '16', '0', '23', NULL, '3', NULL, '1', '0', 'OK', '0', '0', '2016-10-29 19:19:13', '2016-10-29 19:19:13', '1' );
INSERT INTO `matcheds`(`id`,`chat`,`user1`,`user1Vote`,`user2`,`user2Vote`,`yes`,`no`,`search`,`answered`,`avg`,`createdAt`,`updatedAt`,`MessageId`) VALUES ( '17', '0', '23', NULL, '5', NULL, '2', '2', 'OK', '0', '50', '2016-10-29 19:19:17', '2016-10-29 19:27:38', '1' );
INSERT INTO `matcheds`(`id`,`chat`,`user1`,`user1Vote`,`user2`,`user2Vote`,`yes`,`no`,`search`,`answered`,`avg`,`createdAt`,`updatedAt`,`MessageId`) VALUES ( '18', '0', '1', NULL, '24', NULL, '2', '1', 'OK', '0', '67', '2016-10-29 19:22:12', '2016-10-29 19:27:06', '1' );
INSERT INTO `matcheds`(`id`,`chat`,`user1`,`user1Vote`,`user2`,`user2Vote`,`yes`,`no`,`search`,`answered`,`avg`,`createdAt`,`updatedAt`,`MessageId`) VALUES ( '19', '0', '1', NULL, '25', NULL, '3', '4', 'OK', '0', '43', '2016-10-29 19:22:43', '2016-10-29 19:26:28', '1' );
INSERT INTO `matcheds`(`id`,`chat`,`user1`,`user1Vote`,`user2`,`user2Vote`,`yes`,`no`,`search`,`answered`,`avg`,`createdAt`,`updatedAt`,`MessageId`) VALUES ( '20', '0', '1', NULL, '23', NULL, '3', '0', 'OK', '0', '100', '2016-10-29 19:22:53', '2016-10-29 19:30:17', '1' );
INSERT INTO `matcheds`(`id`,`chat`,`user1`,`user1Vote`,`user2`,`user2Vote`,`yes`,`no`,`search`,`answered`,`avg`,`createdAt`,`updatedAt`,`MessageId`) VALUES ( '21', '0', '23', NULL, '4', NULL, '5', '0', 'OK', '0', '100', '2016-10-29 19:23:06', '2016-10-29 19:28:43', '1' );
INSERT INTO `matcheds`(`id`,`chat`,`user1`,`user1Vote`,`user2`,`user2Vote`,`yes`,`no`,`search`,`answered`,`avg`,`createdAt`,`updatedAt`,`MessageId`) VALUES ( '22', '0', '1', NULL, '26', NULL, '1', '3', 'OK', '0', '25', '2016-10-29 19:23:38', '2016-10-29 19:26:40', '1' );
INSERT INTO `matcheds`(`id`,`chat`,`user1`,`user1Vote`,`user2`,`user2Vote`,`yes`,`no`,`search`,`answered`,`avg`,`createdAt`,`updatedAt`,`MessageId`) VALUES ( '23', '0', '26', NULL, '4', NULL, '4', '3', 'OK', '0', '57', '2016-10-29 19:23:46', '2016-10-29 19:27:43', '1' );
INSERT INTO `matcheds`(`id`,`chat`,`user1`,`user1Vote`,`user2`,`user2Vote`,`yes`,`no`,`search`,`answered`,`avg`,`createdAt`,`updatedAt`,`MessageId`) VALUES ( '24', '0', '25', NULL, '4', NULL, '1', '4', 'OK', '0', '20', '2016-10-29 19:24:04', '2016-10-29 19:26:48', '1' );
INSERT INTO `matcheds`(`id`,`chat`,`user1`,`user1Vote`,`user2`,`user2Vote`,`yes`,`no`,`search`,`answered`,`avg`,`createdAt`,`updatedAt`,`MessageId`) VALUES ( '25', '0', '2', NULL, '25', NULL, '1', '0', 'OK', '0', '0', '2016-10-29 19:30:23', '2016-10-29 19:30:23', '1' );
-- ---------------------------------------------------------


-- Dump data of "messages" ---------------------------------
INSERT INTO `messages`(`id`,`message`,`checked`,`reciveId`,`MatchedId`,`createdAt`,`updatedAt`,`UserId`) VALUES ( '1', NULL, '0', NULL, NULL, '2016-10-28 13:33:54', '2016-10-29 14:05:12', NULL );
-- ---------------------------------------------------------


-- Dump data of "notifyconnects" ---------------------------
-- ---------------------------------------------------------


-- Dump data of "onlines" ----------------------------------
INSERT INTO `onlines`(`id`,`user`,`online`,`createdAt`,`updatedAt`) VALUES ( '1', '2b9c6cb0-9d13-11e6-a466-7b584387ece1', '0', '2016-10-28 13:33:54', '2016-10-29 19:21:03' );
INSERT INTO `onlines`(`id`,`user`,`online`,`createdAt`,`updatedAt`) VALUES ( '2', '3e7e1a90-9d13-11e6-a466-7b584387ece1', '0', '2016-10-28 13:34:25', '2016-10-29 19:25:54' );
INSERT INTO `onlines`(`id`,`user`,`online`,`createdAt`,`updatedAt`) VALUES ( '3', '4fc99810-9d13-11e6-a466-7b584387ece1', '1', '2016-10-28 13:34:55', '2016-10-29 19:26:21' );
INSERT INTO `onlines`(`id`,`user`,`online`,`createdAt`,`updatedAt`) VALUES ( '4', '6d9ffdc0-9d13-11e6-a466-7b584387ece1', '0', '2016-10-28 13:35:45', '2016-10-28 14:55:07' );
INSERT INTO `onlines`(`id`,`user`,`online`,`createdAt`,`updatedAt`) VALUES ( '5', '782774d0-9d13-11e6-a466-7b584387ece1', '0', '2016-10-28 13:36:02', '2016-10-28 15:04:21' );
INSERT INTO `onlines`(`id`,`user`,`online`,`createdAt`,`updatedAt`) VALUES ( '6', '95f241c0-9d13-11e6-a466-7b584387ece1', '0', '2016-10-28 13:36:52', '2016-10-28 16:29:26' );
INSERT INTO `onlines`(`id`,`user`,`online`,`createdAt`,`updatedAt`) VALUES ( '7', 'b1812870-9d13-11e6-a466-7b584387ece1', '0', '2016-10-28 13:37:38', '2016-10-28 16:46:13' );
INSERT INTO `onlines`(`id`,`user`,`online`,`createdAt`,`updatedAt`) VALUES ( '8', 'bbf9f980-9d13-11e6-a466-7b584387ece1', '1', '2016-10-28 13:37:56', '2016-10-28 16:57:48' );
INSERT INTO `onlines`(`id`,`user`,`online`,`createdAt`,`updatedAt`) VALUES ( '9', 'e273acf0-9d13-11e6-a466-7b584387ece1', '0', '2016-10-28 13:39:01', '2016-10-28 13:39:01' );
INSERT INTO `onlines`(`id`,`user`,`online`,`createdAt`,`updatedAt`) VALUES ( '10', '30b84bf0-9d14-11e6-a466-7b584387ece1', '0', '2016-10-28 13:41:12', '2016-10-28 13:41:12' );
INSERT INTO `onlines`(`id`,`user`,`online`,`createdAt`,`updatedAt`) VALUES ( '11', '464c6fa0-9d14-11e6-a466-7b584387ece1', '0', '2016-10-28 13:41:48', '2016-10-28 13:41:48' );
INSERT INTO `onlines`(`id`,`user`,`online`,`createdAt`,`updatedAt`) VALUES ( '12', 'f2aea800-9d17-11e6-a466-7b584387ece1', '0', '2016-10-28 14:08:06', '2016-10-28 14:08:06' );
INSERT INTO `onlines`(`id`,`user`,`online`,`createdAt`,`updatedAt`) VALUES ( '13', '10d836c0-9d18-11e6-a466-7b584387ece1', '0', '2016-10-28 14:08:56', '2016-10-28 14:08:56' );
INSERT INTO `onlines`(`id`,`user`,`online`,`createdAt`,`updatedAt`) VALUES ( '14', '36266280-9d18-11e6-a466-7b584387ece1', '0', '2016-10-28 14:09:59', '2016-10-28 14:09:59' );
INSERT INTO `onlines`(`id`,`user`,`online`,`createdAt`,`updatedAt`) VALUES ( '15', '430759f0-9d18-11e6-a466-7b584387ece1', '0', '2016-10-28 14:10:21', '2016-10-28 14:10:21' );
INSERT INTO `onlines`(`id`,`user`,`online`,`createdAt`,`updatedAt`) VALUES ( '16', '6b689210-9d18-11e6-a466-7b584387ece1', '0', '2016-10-28 14:11:28', '2016-10-28 14:11:28' );
INSERT INTO `onlines`(`id`,`user`,`online`,`createdAt`,`updatedAt`) VALUES ( '17', '862b4f20-9d18-11e6-a466-7b584387ece1', '0', '2016-10-28 14:12:13', '2016-10-28 14:12:13' );
INSERT INTO `onlines`(`id`,`user`,`online`,`createdAt`,`updatedAt`) VALUES ( '18', '9ee1e880-9d18-11e6-a466-7b584387ece1', '0', '2016-10-28 14:12:55', '2016-10-28 14:12:55' );
INSERT INTO `onlines`(`id`,`user`,`online`,`createdAt`,`updatedAt`) VALUES ( '19', 'b70d58e0-9d18-11e6-a466-7b584387ece1', '0', '2016-10-28 14:13:35', '2016-10-28 14:13:35' );
INSERT INTO `onlines`(`id`,`user`,`online`,`createdAt`,`updatedAt`) VALUES ( '20', 'df3160f0-9d18-11e6-a466-7b584387ece1', '0', '2016-10-28 14:14:43', '2016-10-28 14:14:43' );
INSERT INTO `onlines`(`id`,`user`,`online`,`createdAt`,`updatedAt`) VALUES ( '21', '3caf3f40-9d19-11e6-a466-7b584387ece1', '0', '2016-10-28 14:17:19', '2016-10-28 17:20:01' );
INSERT INTO `onlines`(`id`,`user`,`online`,`createdAt`,`updatedAt`) VALUES ( '22', '49744a40-9d19-11e6-a466-7b584387ece1', '0', '2016-10-28 14:17:41', '2016-10-28 23:51:22' );
INSERT INTO `onlines`(`id`,`user`,`online`,`createdAt`,`updatedAt`) VALUES ( '23', '5801b930-9d19-11e6-a466-7b584387ece1', '0', '2016-10-28 14:18:05', '2016-10-29 00:00:56' );
INSERT INTO `onlines`(`id`,`user`,`online`,`createdAt`,`updatedAt`) VALUES ( '24', '6c6e9af0-9d19-11e6-a466-7b584387ece1', '0', '2016-10-28 14:18:40', '2016-10-29 00:42:15' );
INSERT INTO `onlines`(`id`,`user`,`online`,`createdAt`,`updatedAt`) VALUES ( '25', '8a819470-9d19-11e6-a466-7b584387ece1', '0', '2016-10-28 14:19:30', '2016-10-29 01:15:40' );
INSERT INTO `onlines`(`id`,`user`,`online`,`createdAt`,`updatedAt`) VALUES ( '26', 'b953d100-9d19-11e6-a466-7b584387ece1', '0', '2016-10-28 14:20:49', '2016-10-29 14:17:11' );
INSERT INTO `onlines`(`id`,`user`,`online`,`createdAt`,`updatedAt`) VALUES ( '27', 'db174f60-9d19-11e6-a466-7b584387ece1', '0', '2016-10-28 14:21:45', '2016-10-29 14:27:58' );
INSERT INTO `onlines`(`id`,`user`,`online`,`createdAt`,`updatedAt`) VALUES ( '28', 'f47413d0-9d19-11e6-a466-7b584387ece1', '0', '2016-10-28 14:22:28', '2016-10-28 14:22:28' );
INSERT INTO `onlines`(`id`,`user`,`online`,`createdAt`,`updatedAt`) VALUES ( '29', '05a99850-9d1a-11e6-a466-7b584387ece1', '0', '2016-10-28 14:22:57', '2016-10-28 14:22:57' );
INSERT INTO `onlines`(`id`,`user`,`online`,`createdAt`,`updatedAt`) VALUES ( '30', '45e93240-9d1a-11e6-a466-7b584387ece1', '0', '2016-10-28 14:24:44', '2016-10-28 14:24:44' );
INSERT INTO `onlines`(`id`,`user`,`online`,`createdAt`,`updatedAt`) VALUES ( '31', '521be850-9d1a-11e6-a466-7b584387ece1', '0', '2016-10-28 14:25:05', '2016-10-28 14:25:05' );
INSERT INTO `onlines`(`id`,`user`,`online`,`createdAt`,`updatedAt`) VALUES ( '32', '79a70bc0-9d1a-11e6-a466-7b584387ece1', '0', '2016-10-28 14:26:11', '2016-10-28 14:26:11' );
INSERT INTO `onlines`(`id`,`user`,`online`,`createdAt`,`updatedAt`) VALUES ( '33', '9a175630-9d1a-11e6-a466-7b584387ece1', '0', '2016-10-28 14:27:06', '2016-10-28 14:27:06' );
INSERT INTO `onlines`(`id`,`user`,`online`,`createdAt`,`updatedAt`) VALUES ( '34', 'c2c304d0-9d1a-11e6-a466-7b584387ece1', '0', '2016-10-28 14:28:14', '2016-10-28 14:28:14' );
INSERT INTO `onlines`(`id`,`user`,`online`,`createdAt`,`updatedAt`) VALUES ( '35', 'dabed9b0-9d1a-11e6-a466-7b584387ece1', '0', '2016-10-28 14:28:54', '2016-10-28 14:28:54' );
INSERT INTO `onlines`(`id`,`user`,`online`,`createdAt`,`updatedAt`) VALUES ( '36', 'e6baa140-9d1a-11e6-a466-7b584387ece1', '0', '2016-10-28 14:29:14', '2016-10-28 14:29:14' );
INSERT INTO `onlines`(`id`,`user`,`online`,`createdAt`,`updatedAt`) VALUES ( '37', '055122a0-9d1b-11e6-a466-7b584387ece1', '0', '2016-10-28 14:30:06', '2016-10-28 14:30:06' );
INSERT INTO `onlines`(`id`,`user`,`online`,`createdAt`,`updatedAt`) VALUES ( '38', '1540e0b0-9d1b-11e6-a466-7b584387ece1', '0', '2016-10-28 14:30:32', '2016-10-28 14:30:32' );
INSERT INTO `onlines`(`id`,`user`,`online`,`createdAt`,`updatedAt`) VALUES ( '39', '2cf0b870-9d1b-11e6-a466-7b584387ece1', '0', '2016-10-28 14:31:12', '2016-10-28 14:31:12' );
INSERT INTO `onlines`(`id`,`user`,`online`,`createdAt`,`updatedAt`) VALUES ( '40', '41f96500-9d1b-11e6-a466-7b584387ece1', '0', '2016-10-28 14:31:47', '2016-10-28 14:31:47' );
INSERT INTO `onlines`(`id`,`user`,`online`,`createdAt`,`updatedAt`) VALUES ( '41', '22b87f80-9def-11e6-868d-35dafa5c5f79', '0', '2016-10-29 15:48:28', '2016-10-29 15:48:28' );
INSERT INTO `onlines`(`id`,`user`,`online`,`createdAt`,`updatedAt`) VALUES ( '42', '555d20d0-9def-11e6-af08-6f8d158a101b', '0', '2016-10-29 15:49:53', '2016-10-29 15:49:53' );
-- ---------------------------------------------------------


-- Dump data of "users" ------------------------------------
INSERT INTO `users`(`id`,`email`,`uuid`,`password`,`firstname`,`lastname`,`greeting`,`match`,`age`,`city`,`upper`,`lower`,`seeking`,`gender`,`lastMatch`,`dailyMatch`,`dailyMatchCount`,`score`,`createdAt`,`updatedAt`) VALUES ( '1', 'arin@gmail.com', '2b9c6cb0-9d13-11e6-a466-7b584387ece1', '$2a$10$3F3pzGPfmenVR5bebLsfxeUyXlEnGpLjYaUso71T52lpmB.EWMttK', 'Arin', 'Hanson', '1', '1', '29', 'Liberty City', '38', '24', 'F', 'M', '2016-10-28 13:33:54', NULL, '0', '0', '2016-10-28 13:33:54', '2016-10-29 02:12:33' );
INSERT INTO `users`(`id`,`email`,`uuid`,`password`,`firstname`,`lastname`,`greeting`,`match`,`age`,`city`,`upper`,`lower`,`seeking`,`gender`,`lastMatch`,`dailyMatch`,`dailyMatchCount`,`score`,`createdAt`,`updatedAt`) VALUES ( '2', 'danny@gmail.com', '3e7e1a90-9d13-11e6-a466-7b584387ece1', '$2a$10$Ag5nh0EBsJRlstnQ/AKkTue5rdX6yYUehHlonKZnhFFLiV0TimXJS', 'Danny', 'Avidan', '1', '1', '35', 'Liberty City', '40', '30', 'F', 'M', '2016-10-28 13:34:25', NULL, '0', '0', '2016-10-28 13:34:25', '2016-10-28 14:44:42' );
INSERT INTO `users`(`id`,`email`,`uuid`,`password`,`firstname`,`lastname`,`greeting`,`match`,`age`,`city`,`upper`,`lower`,`seeking`,`gender`,`lastMatch`,`dailyMatch`,`dailyMatchCount`,`score`,`createdAt`,`updatedAt`) VALUES ( '3', 'brian@gmail.com', '4fc99810-9d13-11e6-a466-7b584387ece1', '$2a$10$C167Wz1yMQbcugERSbpxRu9OfbyU/cCE/PhsKeMuvrfbjvFXaqj6u', 'Brian', 'Wecht', '1', '1', '40', 'Liberty City', '42', '20', 'F', 'M', '2016-10-28 13:34:54', NULL, '0', '0', '2016-10-28 13:34:54', '2016-10-28 14:50:01' );
INSERT INTO `users`(`id`,`email`,`uuid`,`password`,`firstname`,`lastname`,`greeting`,`match`,`age`,`city`,`upper`,`lower`,`seeking`,`gender`,`lastMatch`,`dailyMatch`,`dailyMatchCount`,`score`,`createdAt`,`updatedAt`) VALUES ( '4', 'ross@gmail.com', '6d9ffdc0-9d13-11e6-a466-7b584387ece1', '$2a$10$FQtBpbhpwp9sz76UYt9liOc2KHWRiYhHYTiwBLaqwL0xUtfeaDkK2', 'Ross', 'Don', '1', '1', '32', 'Liberty City', '49', '21', 'F', 'M', '2016-10-28 13:35:45', NULL, '0', '0', '2016-10-28 13:35:45', '2016-10-28 14:55:03' );
INSERT INTO `users`(`id`,`email`,`uuid`,`password`,`firstname`,`lastname`,`greeting`,`match`,`age`,`city`,`upper`,`lower`,`seeking`,`gender`,`lastMatch`,`dailyMatch`,`dailyMatchCount`,`score`,`createdAt`,`updatedAt`) VALUES ( '5', 'jontron@gmail.com', '782774d0-9d13-11e6-a466-7b584387ece1', '$2a$10$8B6LtRF/1BmFNb6SzxXss.m7aPrj3Jw1wg5gZkGBBHI38IWoZs.m2', 'Jon', 'Tron', '1', '1', '20', 'Liberty City', '34', '19', 'F', 'M', '2016-10-28 13:36:02', NULL, '0', '0', '2016-10-28 13:36:02', '2016-10-28 15:02:54' );
INSERT INTO `users`(`id`,`email`,`uuid`,`password`,`firstname`,`lastname`,`greeting`,`match`,`age`,`city`,`upper`,`lower`,`seeking`,`gender`,`lastMatch`,`dailyMatch`,`dailyMatchCount`,`score`,`createdAt`,`updatedAt`) VALUES ( '6', 'kevin@gmail.com', '95f241c0-9d13-11e6-a466-7b584387ece1', '$2a$10$TpO.Tfgr4XTqj8KVG0GUgeBeNxxsAhqmJua5qJOpCkOqfXsQdEI.i', 'Kevin', 'Editor', '1', '1', '20', 'Liberty City', '25', '18', 'F', 'M', '2016-10-28 13:36:52', NULL, '0', '0', '2016-10-28 13:36:52', '2016-10-28 16:29:01' );
INSERT INTO `users`(`id`,`email`,`uuid`,`password`,`firstname`,`lastname`,`greeting`,`match`,`age`,`city`,`upper`,`lower`,`seeking`,`gender`,`lastMatch`,`dailyMatch`,`dailyMatchCount`,`score`,`createdAt`,`updatedAt`) VALUES ( '7', 'eric@gmail.com', 'b1812870-9d13-11e6-a466-7b584387ece1', '$2a$10$c2rwzQiBS9j/28dflVrLk.DkZOYN5BWQEmxNjN7vWtzydpQvoY8AG', 'Eric', 'Cartman', '1', '1', '37', 'Liberty City', '40', '34', 'F', 'M', '2016-10-28 13:37:38', NULL, '0', '0', '2016-10-28 13:37:38', '2016-10-28 16:45:41' );
INSERT INTO `users`(`id`,`email`,`uuid`,`password`,`firstname`,`lastname`,`greeting`,`match`,`age`,`city`,`upper`,`lower`,`seeking`,`gender`,`lastMatch`,`dailyMatch`,`dailyMatchCount`,`score`,`createdAt`,`updatedAt`) VALUES ( '8', 'harry@gmail.com', 'bbf9f980-9d13-11e6-a466-7b584387ece1', '$2a$10$Y.N3JpmpQdodoaa0BWkz1.KuWooQ4IgItBH.sWrw0e/a8FDmtjko.', 'Harry', 'Plinkett', '1', '1', '40', 'Liberty City', '40', '20', 'F', 'M', '2016-10-28 13:37:56', NULL, '0', '0', '2016-10-28 13:37:56', '2016-10-28 16:57:47' );
INSERT INTO `users`(`id`,`email`,`uuid`,`password`,`firstname`,`lastname`,`greeting`,`match`,`age`,`city`,`upper`,`lower`,`seeking`,`gender`,`lastMatch`,`dailyMatch`,`dailyMatchCount`,`score`,`createdAt`,`updatedAt`) VALUES ( '9', 'lazlow@gmail.com', 'e273acf0-9d13-11e6-a466-7b584387ece1', '$2a$10$dm52KhJV3n/Iju3GnrORJe.kjWXehUAj8/zbKC7ITDSJHyVTc5n0O', 'Lazlow', 'Jones', '0', NULL, NULL, NULL, NULL, NULL, NULL, NULL, '2016-10-28 13:39:01', NULL, '0', '0', '2016-10-28 13:39:01', '2016-10-28 13:39:01' );
INSERT INTO `users`(`id`,`email`,`uuid`,`password`,`firstname`,`lastname`,`greeting`,`match`,`age`,`city`,`upper`,`lower`,`seeking`,`gender`,`lastMatch`,`dailyMatch`,`dailyMatchCount`,`score`,`createdAt`,`updatedAt`) VALUES ( '10', 'ian@gmail.com', '30b84bf0-9d14-11e6-a466-7b584387ece1', '$2a$10$VzBjWPKA3eDtl.fzshcY5.Py825GlZu3TQgdgtcyjXBcjR/ub3j3K', 'Ian', 'Kilmister', '0', NULL, NULL, NULL, NULL, NULL, NULL, NULL, '2016-10-28 13:41:12', NULL, '0', '0', '2016-10-28 13:41:12', '2016-10-28 13:41:12' );
INSERT INTO `users`(`id`,`email`,`uuid`,`password`,`firstname`,`lastname`,`greeting`,`match`,`age`,`city`,`upper`,`lower`,`seeking`,`gender`,`lastMatch`,`dailyMatch`,`dailyMatchCount`,`score`,`createdAt`,`updatedAt`) VALUES ( '11', 'frank@gmail.com', '464c6fa0-9d14-11e6-a466-7b584387ece1', '$2a$10$id1wG9x6WDPXGfKUoXvIge0kcwXgUPqUESRT2wPdfDGsMhKduy6H2', 'Frank', 'Zappa', '0', NULL, NULL, NULL, NULL, NULL, NULL, NULL, '2016-10-28 13:41:48', NULL, '0', '0', '2016-10-28 13:41:48', '2016-10-28 13:41:48' );
INSERT INTO `users`(`id`,`email`,`uuid`,`password`,`firstname`,`lastname`,`greeting`,`match`,`age`,`city`,`upper`,`lower`,`seeking`,`gender`,`lastMatch`,`dailyMatch`,`dailyMatchCount`,`score`,`createdAt`,`updatedAt`) VALUES ( '12', 'walter@gmail.com', 'f2aea800-9d17-11e6-a466-7b584387ece1', '$2a$10$mPVBIyJDepnV6R4ENQ4w.OAy8xaWGi5bC9/ev1ll34T6ZWToiNeMC', 'Walter', 'White', '0', NULL, NULL, NULL, NULL, NULL, NULL, NULL, '2016-10-28 14:08:06', NULL, '0', '0', '2016-10-28 14:08:06', '2016-10-28 14:08:06' );
INSERT INTO `users`(`id`,`email`,`uuid`,`password`,`firstname`,`lastname`,`greeting`,`match`,`age`,`city`,`upper`,`lower`,`seeking`,`gender`,`lastMatch`,`dailyMatch`,`dailyMatchCount`,`score`,`createdAt`,`updatedAt`) VALUES ( '13', 'jack@gmail.com', '10d836c0-9d18-11e6-a466-7b584387ece1', '$2a$10$in61XTKcAlKSIjNT8QecxefuPdhkhnAv.VFqIZbOATooAxJrDOUtu', 'Jack', 'Handy', '0', NULL, NULL, NULL, NULL, NULL, NULL, NULL, '2016-10-28 14:08:56', NULL, '0', '0', '2016-10-28 14:08:56', '2016-10-28 14:08:56' );
INSERT INTO `users`(`id`,`email`,`uuid`,`password`,`firstname`,`lastname`,`greeting`,`match`,`age`,`city`,`upper`,`lower`,`seeking`,`gender`,`lastMatch`,`dailyMatch`,`dailyMatchCount`,`score`,`createdAt`,`updatedAt`) VALUES ( '14', 'finn@gmail.com', '36266280-9d18-11e6-a466-7b584387ece1', '$2a$10$PddimLgHLawAJpFMgsRaHuqS7ajsvqdp7c/fUWI1lpxc64TCIMePa', 'Finn', 'Human', '0', NULL, NULL, NULL, NULL, NULL, NULL, NULL, '2016-10-28 14:09:59', NULL, '0', '0', '2016-10-28 14:09:59', '2016-10-28 14:09:59' );
INSERT INTO `users`(`id`,`email`,`uuid`,`password`,`firstname`,`lastname`,`greeting`,`match`,`age`,`city`,`upper`,`lower`,`seeking`,`gender`,`lastMatch`,`dailyMatch`,`dailyMatchCount`,`score`,`createdAt`,`updatedAt`) VALUES ( '15', 'mikkey@gmail.com', '430759f0-9d18-11e6-a466-7b584387ece1', '$2a$10$tD7rvNATS9MLuHMY8bu/euWI9/xf04pE7wTOueRK08zoThW7eosNC', 'Mikkey', 'Dee', '0', NULL, NULL, NULL, NULL, NULL, NULL, NULL, '2016-10-28 14:10:21', NULL, '0', '0', '2016-10-28 14:10:21', '2016-10-28 14:10:21' );
INSERT INTO `users`(`id`,`email`,`uuid`,`password`,`firstname`,`lastname`,`greeting`,`match`,`age`,`city`,`upper`,`lower`,`seeking`,`gender`,`lastMatch`,`dailyMatch`,`dailyMatchCount`,`score`,`createdAt`,`updatedAt`) VALUES ( '16', 'glen@gmail.com', '6b689210-9d18-11e6-a466-7b584387ece1', '$2a$10$/.cvIDGnrrm1H9Dh4ETnkuffZIeTBkUe14XSAWt6Q8k5KIij8KRRe', 'Glenn', 'Danzig', '0', NULL, NULL, NULL, NULL, NULL, NULL, NULL, '2016-10-28 14:11:28', NULL, '0', '0', '2016-10-28 14:11:28', '2016-10-28 14:11:28' );
INSERT INTO `users`(`id`,`email`,`uuid`,`password`,`firstname`,`lastname`,`greeting`,`match`,`age`,`city`,`upper`,`lower`,`seeking`,`gender`,`lastMatch`,`dailyMatch`,`dailyMatchCount`,`score`,`createdAt`,`updatedAt`) VALUES ( '17', 'phil@gmail.com', '862b4f20-9d18-11e6-a466-7b584387ece1', '$2a$10$/aLiPKhX9tAhclewARLWq.thBHDznriV9n3n46iagTd1EyZ4Y4SX6', 'Phil', 'Campbell', '0', NULL, NULL, NULL, NULL, NULL, NULL, NULL, '2016-10-28 14:12:13', NULL, '0', '0', '2016-10-28 14:12:13', '2016-10-28 14:12:13' );
INSERT INTO `users`(`id`,`email`,`uuid`,`password`,`firstname`,`lastname`,`greeting`,`match`,`age`,`city`,`upper`,`lower`,`seeking`,`gender`,`lastMatch`,`dailyMatch`,`dailyMatchCount`,`score`,`createdAt`,`updatedAt`) VALUES ( '18', 'kenny@gmail.com', '9ee1e880-9d18-11e6-a466-7b584387ece1', '$2a$10$0DJOoe6EpnncQ2XFD.xFxOIvt44xERMaaQuqXfQAJgiT4MgdvgIAO', 'Kenny', 'Hickey', '0', NULL, NULL, NULL, NULL, NULL, NULL, NULL, '2016-10-28 14:12:55', NULL, '0', '0', '2016-10-28 14:12:55', '2016-10-28 14:12:55' );
INSERT INTO `users`(`id`,`email`,`uuid`,`password`,`firstname`,`lastname`,`greeting`,`match`,`age`,`city`,`upper`,`lower`,`seeking`,`gender`,`lastMatch`,`dailyMatch`,`dailyMatchCount`,`score`,`createdAt`,`updatedAt`) VALUES ( '19', 'josh@gmail.com', 'b70d58e0-9d18-11e6-a466-7b584387ece1', '$2a$10$0ZE/doLV/EAfeTRo9GbjROE1CQSQl2AYD9aXUq5MHHmPXuIwFb1Wi', 'Josh', 'Silver', '0', NULL, NULL, NULL, NULL, NULL, NULL, NULL, '2016-10-28 14:13:35', NULL, '0', '0', '2016-10-28 14:13:35', '2016-10-28 14:13:35' );
INSERT INTO `users`(`id`,`email`,`uuid`,`password`,`firstname`,`lastname`,`greeting`,`match`,`age`,`city`,`upper`,`lower`,`seeking`,`gender`,`lastMatch`,`dailyMatch`,`dailyMatchCount`,`score`,`createdAt`,`updatedAt`) VALUES ( '20', 'ron@gmail.com', 'df3160f0-9d18-11e6-a466-7b584387ece1', '$2a$10$66.feABz7C6mkKZklLvtDuirr0QwtGbDXlg.McsdDV3Lj9bHWcDnm', 'Ron', 'Paul', '0', NULL, NULL, NULL, NULL, NULL, NULL, NULL, '2016-10-28 14:14:43', NULL, '0', '0', '2016-10-28 14:14:43', '2016-10-28 14:14:43' );
INSERT INTO `users`(`id`,`email`,`uuid`,`password`,`firstname`,`lastname`,`greeting`,`match`,`age`,`city`,`upper`,`lower`,`seeking`,`gender`,`lastMatch`,`dailyMatch`,`dailyMatchCount`,`score`,`createdAt`,`updatedAt`) VALUES ( '21', 'amy@gmail.com', '3caf3f40-9d19-11e6-a466-7b584387ece1', '$2a$10$WBb0A6aIESiph5AdZNBEa.3nrRlwba9CjTuEGr3E50A9gdVrPk6bW', 'Amy', 'Frank', '1', '1', '20', 'Liberty City', '40', '20', 'M', 'F', '2016-10-28 14:17:19', NULL, '0', '0', '2016-10-28 14:17:19', '2016-10-28 17:19:59' );
INSERT INTO `users`(`id`,`email`,`uuid`,`password`,`firstname`,`lastname`,`greeting`,`match`,`age`,`city`,`upper`,`lower`,`seeking`,`gender`,`lastMatch`,`dailyMatch`,`dailyMatchCount`,`score`,`createdAt`,`updatedAt`) VALUES ( '22', 'jenni@gmail.com', '49744a40-9d19-11e6-a466-7b584387ece1', '$2a$10$1HTtOAITHVc1qSQ96NPU3em7Qxvffjl5qT3ynhHrJu/1PmqQB5xbG', 'Jenni', 'Winter', '1', '1', '20', 'Liberty City', '25', '20', 'M', 'F', '2016-10-28 14:17:41', NULL, '0', '0', '2016-10-28 14:17:41', '2016-10-28 23:37:32' );
INSERT INTO `users`(`id`,`email`,`uuid`,`password`,`firstname`,`lastname`,`greeting`,`match`,`age`,`city`,`upper`,`lower`,`seeking`,`gender`,`lastMatch`,`dailyMatch`,`dailyMatchCount`,`score`,`createdAt`,`updatedAt`) VALUES ( '23', 'susan@gmail.com', '5801b930-9d19-11e6-a466-7b584387ece1', '$2a$10$ND.6vub7RmIcxOYRB5pyluoBF8.vvYXjSMCfgXVcBkD.w.EN7IAg.', 'Susan', 'Kent', '1', '1', '28', 'Liberty City', '40', '20', 'M', 'F', '2016-10-28 14:18:05', NULL, '0', '0', '2016-10-28 14:18:05', '2016-10-29 00:00:30' );
INSERT INTO `users`(`id`,`email`,`uuid`,`password`,`firstname`,`lastname`,`greeting`,`match`,`age`,`city`,`upper`,`lower`,`seeking`,`gender`,`lastMatch`,`dailyMatch`,`dailyMatchCount`,`score`,`createdAt`,`updatedAt`) VALUES ( '24', 'mary@gmail.com', '6c6e9af0-9d19-11e6-a466-7b584387ece1', '$2a$10$.Z3LeraDRq8Rhe2xeLlmjOn3zqd8z6yMTj4PClN3ww753iu7yiSFK', 'Mary', 'Lou', '1', '1', '29', 'Liberty City', '35', '24', 'M', 'F', '2016-10-28 14:18:40', NULL, '0', '0', '2016-10-28 14:18:40', '2016-10-29 00:20:23' );
INSERT INTO `users`(`id`,`email`,`uuid`,`password`,`firstname`,`lastname`,`greeting`,`match`,`age`,`city`,`upper`,`lower`,`seeking`,`gender`,`lastMatch`,`dailyMatch`,`dailyMatchCount`,`score`,`createdAt`,`updatedAt`) VALUES ( '25', 'annie@gmail.com', '8a819470-9d19-11e6-a466-7b584387ece1', '$2a$10$9uD7/j0ZRafOxYVKK6DruO.tsGeDhPoE3PB5.L6i7axk9XYG.UF62', 'Annie', 'Spam', '1', '1', '38', 'Liberty City', '40', '25', 'M', 'F', '2016-10-28 14:19:30', NULL, '0', '0', '2016-10-28 14:19:30', '2016-10-29 00:59:53' );
INSERT INTO `users`(`id`,`email`,`uuid`,`password`,`firstname`,`lastname`,`greeting`,`match`,`age`,`city`,`upper`,`lower`,`seeking`,`gender`,`lastMatch`,`dailyMatch`,`dailyMatchCount`,`score`,`createdAt`,`updatedAt`) VALUES ( '26', 'chloe@gmail.com', 'b953d100-9d19-11e6-a466-7b584387ece1', '$2a$10$F1.RW1vXdCFqHu8pdWscJua6Jc1vyUd.fHFyvRwUPwEBGiKOvNgSy', 'Chloe', 'Pickles', '1', '1', '32', 'Liberty City', '40', '20', 'M', 'F', '2016-10-28 14:20:49', NULL, '0', '0', '2016-10-28 14:20:49', '2016-10-29 14:17:08' );
INSERT INTO `users`(`id`,`email`,`uuid`,`password`,`firstname`,`lastname`,`greeting`,`match`,`age`,`city`,`upper`,`lower`,`seeking`,`gender`,`lastMatch`,`dailyMatch`,`dailyMatchCount`,`score`,`createdAt`,`updatedAt`) VALUES ( '27', 'emily@gmail.com', 'db174f60-9d19-11e6-a466-7b584387ece1', '$2a$10$ZhdbYDvTs/xSPo37o55PDeaBULgW0pKqkh2dycf9ERPwfsfTQ5OFS', 'Emily', 'Paul', '1', '1', '24', 'Liberty City', '20', '29', 'M', 'F', '2016-10-28 14:21:45', NULL, '0', '0', '2016-10-28 14:21:45', '2016-10-29 14:27:55' );
INSERT INTO `users`(`id`,`email`,`uuid`,`password`,`firstname`,`lastname`,`greeting`,`match`,`age`,`city`,`upper`,`lower`,`seeking`,`gender`,`lastMatch`,`dailyMatch`,`dailyMatchCount`,`score`,`createdAt`,`updatedAt`) VALUES ( '28', 'mia@gmail.com', 'f47413d0-9d19-11e6-a466-7b584387ece1', '$2a$10$l9GM1cqLIDpilfRUmQV/F.njc1Buu17dwdZHVi7oqNvlrpYen7w6C', 'Mia', 'Goldberg', '0', NULL, NULL, NULL, NULL, NULL, NULL, NULL, '2016-10-28 14:22:28', NULL, '0', '0', '2016-10-28 14:22:28', '2016-10-28 14:22:28' );
INSERT INTO `users`(`id`,`email`,`uuid`,`password`,`firstname`,`lastname`,`greeting`,`match`,`age`,`city`,`upper`,`lower`,`seeking`,`gender`,`lastMatch`,`dailyMatch`,`dailyMatchCount`,`score`,`createdAt`,`updatedAt`) VALUES ( '29', 'emma@gmail.com', '05a99850-9d1a-11e6-a466-7b584387ece1', '$2a$10$EqxyvS5ViK.w4Uxh3xoaQ.r3pwgJr8Ugt5DoYHwa0GUbVkrF/J7e2', 'Emma', 'Lesnar', '0', NULL, NULL, NULL, NULL, NULL, NULL, NULL, '2016-10-28 14:22:57', NULL, '0', '0', '2016-10-28 14:22:57', '2016-10-28 14:22:57' );
INSERT INTO `users`(`id`,`email`,`uuid`,`password`,`firstname`,`lastname`,`greeting`,`match`,`age`,`city`,`upper`,`lower`,`seeking`,`gender`,`lastMatch`,`dailyMatch`,`dailyMatchCount`,`score`,`createdAt`,`updatedAt`) VALUES ( '30', 'tammy@gmail.com', '45e93240-9d1a-11e6-a466-7b584387ece1', '$2a$10$d1WMlfg1/H58dF3iNVzbzO89Oz3KNGBriYLhcqJ.IKPrga3idWHNO', 'Tammy', 'Jones', '0', NULL, NULL, NULL, NULL, NULL, NULL, NULL, '2016-10-28 14:24:44', NULL, '0', '0', '2016-10-28 14:24:44', '2016-10-28 14:24:44' );
INSERT INTO `users`(`id`,`email`,`uuid`,`password`,`firstname`,`lastname`,`greeting`,`match`,`age`,`city`,`upper`,`lower`,`seeking`,`gender`,`lastMatch`,`dailyMatch`,`dailyMatchCount`,`score`,`createdAt`,`updatedAt`) VALUES ( '31', 'marnie@gmail.com', '521be850-9d1a-11e6-a466-7b584387ece1', '$2a$10$L3IoXPAvq5tt3ZUHmcF8xuzX6tYPPdQXseh0RbywLha9PgK.c9S0C', 'Marnie', 'Raven', '0', NULL, NULL, NULL, NULL, NULL, NULL, NULL, '2016-10-28 14:25:05', NULL, '0', '0', '2016-10-28 14:25:05', '2016-10-28 14:25:05' );
INSERT INTO `users`(`id`,`email`,`uuid`,`password`,`firstname`,`lastname`,`greeting`,`match`,`age`,`city`,`upper`,`lower`,`seeking`,`gender`,`lastMatch`,`dailyMatch`,`dailyMatchCount`,`score`,`createdAt`,`updatedAt`) VALUES ( '32', 'jessie@gmail.com', '79a70bc0-9d1a-11e6-a466-7b584387ece1', '$2a$10$/mX8LcFzbO54k0OhEpeoV.F/RuKtKZ1Emd6Qik4.sd3Gt8ClipLYO', 'Jessie', 'Gadel', '0', NULL, NULL, NULL, NULL, NULL, NULL, NULL, '2016-10-28 14:26:11', NULL, '0', '0', '2016-10-28 14:26:11', '2016-10-28 14:26:11' );
INSERT INTO `users`(`id`,`email`,`uuid`,`password`,`firstname`,`lastname`,`greeting`,`match`,`age`,`city`,`upper`,`lower`,`seeking`,`gender`,`lastMatch`,`dailyMatch`,`dailyMatchCount`,`score`,`createdAt`,`updatedAt`) VALUES ( '33', 'erica@gmail.com', '9a175630-9d1a-11e6-a466-7b584387ece1', '$2a$10$VEu8kbykTvRxm1xkcqymtO6gg/h2vtqu0xcydajYEb1kE/5j5gEwK', 'Erica', 'Frankfort', '0', NULL, NULL, NULL, NULL, NULL, NULL, NULL, '2016-10-28 14:27:06', NULL, '0', '0', '2016-10-28 14:27:06', '2016-10-28 14:27:06' );
INSERT INTO `users`(`id`,`email`,`uuid`,`password`,`firstname`,`lastname`,`greeting`,`match`,`age`,`city`,`upper`,`lower`,`seeking`,`gender`,`lastMatch`,`dailyMatch`,`dailyMatchCount`,`score`,`createdAt`,`updatedAt`) VALUES ( '34', 'steph@gmail.com', 'c2c304d0-9d1a-11e6-a466-7b584387ece1', '$2a$10$MozzApb.ZhMJ11xRBW.78OeG1rnlLX/UVf0ImSVFDArxnlEqYoz8a', 'Steph', 'Johnson', '0', NULL, NULL, NULL, NULL, NULL, NULL, NULL, '2016-10-28 14:28:14', NULL, '0', '0', '2016-10-28 14:28:14', '2016-10-28 14:28:14' );
INSERT INTO `users`(`id`,`email`,`uuid`,`password`,`firstname`,`lastname`,`greeting`,`match`,`age`,`city`,`upper`,`lower`,`seeking`,`gender`,`lastMatch`,`dailyMatch`,`dailyMatchCount`,`score`,`createdAt`,`updatedAt`) VALUES ( '35', 'ally@gmail.com', 'dabed9b0-9d1a-11e6-a466-7b584387ece1', '$2a$10$/gYwbYsIk3u9NdDPiogMA.mP9vo1tr9dLzP6uPua0ONKbdNs5L1AG', 'Ally', 'McDonald', '0', NULL, NULL, NULL, NULL, NULL, NULL, NULL, '2016-10-28 14:28:54', NULL, '0', '0', '2016-10-28 14:28:54', '2016-10-28 14:28:54' );
INSERT INTO `users`(`id`,`email`,`uuid`,`password`,`firstname`,`lastname`,`greeting`,`match`,`age`,`city`,`upper`,`lower`,`seeking`,`gender`,`lastMatch`,`dailyMatch`,`dailyMatchCount`,`score`,`createdAt`,`updatedAt`) VALUES ( '36', 'ashley@gmail.com', 'e6baa140-9d1a-11e6-a466-7b584387ece1', '$2a$10$e1mmBI65HWd20f2.EbVKxOqbuRj/tWFAawJA3Liq6WWxv/0NstD.i', 'Ashley', 'Brooks', '0', NULL, NULL, NULL, NULL, NULL, NULL, NULL, '2016-10-28 14:29:14', NULL, '0', '0', '2016-10-28 14:29:14', '2016-10-28 14:29:14' );
INSERT INTO `users`(`id`,`email`,`uuid`,`password`,`firstname`,`lastname`,`greeting`,`match`,`age`,`city`,`upper`,`lower`,`seeking`,`gender`,`lastMatch`,`dailyMatch`,`dailyMatchCount`,`score`,`createdAt`,`updatedAt`) VALUES ( '37', 'maddie@gmail.com', '055122a0-9d1b-11e6-a466-7b584387ece1', '$2a$10$MOL8BIHGtDFqOJAl1jBafu0XVCIS7iMh3BEWqD2T7hDh4/PGYBoPe', 'Maddie', 'Kelvin', '0', NULL, NULL, NULL, NULL, NULL, NULL, NULL, '2016-10-28 14:30:06', NULL, '0', '0', '2016-10-28 14:30:06', '2016-10-28 14:30:06' );
INSERT INTO `users`(`id`,`email`,`uuid`,`password`,`firstname`,`lastname`,`greeting`,`match`,`age`,`city`,`upper`,`lower`,`seeking`,`gender`,`lastMatch`,`dailyMatch`,`dailyMatchCount`,`score`,`createdAt`,`updatedAt`) VALUES ( '38', 'elizabeth@gmail.com', '1540e0b0-9d1b-11e6-a466-7b584387ece1', '$2a$10$ZmSbndem8.MZnddHbQ1xQOU0zUew.rLaaqHCGMUaGyLJbjtSi2F/q', 'Elizabeth', 'Steele', '0', NULL, NULL, NULL, NULL, NULL, NULL, NULL, '2016-10-28 14:30:32', NULL, '0', '0', '2016-10-28 14:30:32', '2016-10-28 14:30:32' );
INSERT INTO `users`(`id`,`email`,`uuid`,`password`,`firstname`,`lastname`,`greeting`,`match`,`age`,`city`,`upper`,`lower`,`seeking`,`gender`,`lastMatch`,`dailyMatch`,`dailyMatchCount`,`score`,`createdAt`,`updatedAt`) VALUES ( '39', 'lori@gmail.com', '2cf0b870-9d1b-11e6-a466-7b584387ece1', '$2a$10$Hsoh19VPMN61smU7G6YokOg5s4bJY37.xKCZHilMItTzTGifV7f5S', 'Lori', 'Parker', '0', NULL, NULL, NULL, NULL, NULL, NULL, NULL, '2016-10-28 14:31:12', NULL, '0', '0', '2016-10-28 14:31:12', '2016-10-28 14:31:12' );
INSERT INTO `users`(`id`,`email`,`uuid`,`password`,`firstname`,`lastname`,`greeting`,`match`,`age`,`city`,`upper`,`lower`,`seeking`,`gender`,`lastMatch`,`dailyMatch`,`dailyMatchCount`,`score`,`createdAt`,`updatedAt`) VALUES ( '40', 'debbie@gmail.com', '41f96500-9d1b-11e6-a466-7b584387ece1', '$2a$10$2biddje.bdcQXscWRD4Zi.TqEcDRiNojxia0sUquKotYJdJa/6PNu', 'Debbie', 'Vanderhoof', '0', NULL, NULL, NULL, NULL, NULL, NULL, NULL, '2016-10-28 14:31:47', NULL, '0', '0', '2016-10-28 14:31:47', '2016-10-28 14:31:47' );
INSERT INTO `users`(`id`,`email`,`uuid`,`password`,`firstname`,`lastname`,`greeting`,`match`,`age`,`city`,`upper`,`lower`,`seeking`,`gender`,`lastMatch`,`dailyMatch`,`dailyMatchCount`,`score`,`createdAt`,`updatedAt`) VALUES ( '41', '1@1.com', '22b87f80-9def-11e6-868d-35dafa5c5f79', '$2a$10$dBvUE/ctMJjVBBaXHeHytumORNQvgT8cK2BGzTBVu2SuKx3N1JZNy', 'master', 'master', '0', NULL, NULL, NULL, NULL, NULL, NULL, NULL, '2016-10-29 15:48:28', NULL, '0', '0', '2016-10-29 15:48:28', '2016-10-29 15:48:28' );
INSERT INTO `users`(`id`,`email`,`uuid`,`password`,`firstname`,`lastname`,`greeting`,`match`,`age`,`city`,`upper`,`lower`,`seeking`,`gender`,`lastMatch`,`dailyMatch`,`dailyMatchCount`,`score`,`createdAt`,`updatedAt`) VALUES ( '42', '2@2.com', '555d20d0-9def-11e6-af08-6f8d158a101b', '$2a$10$GmDSns6shpzegXC0eNbtFu.Y6CrYjbbJPGaxPaxa5BOg2TqRpsLUO', '2', '2', '0', NULL, NULL, NULL, NULL, NULL, NULL, NULL, '2016-10-29 15:49:53', NULL, '0', '0', '2016-10-29 15:49:53', '2016-10-29 15:49:53' );
-- ---------------------------------------------------------


-- Dump data of "votes" ------------------------------------
INSERT INTO `votes`(`id`,`vote`,`createdAt`,`updatedAt`,`UserId`,`MatchedId`) VALUES ( '1', '1', '2016-10-29 19:18:24', '2016-10-29 19:18:24', '1', '1' );
INSERT INTO `votes`(`id`,`vote`,`createdAt`,`updatedAt`,`UserId`,`MatchedId`) VALUES ( '2', '1', '2016-10-29 19:18:26', '2016-10-29 19:18:26', '1', '2' );
INSERT INTO `votes`(`id`,`vote`,`createdAt`,`updatedAt`,`UserId`,`MatchedId`) VALUES ( '3', '1', '2016-10-29 19:18:26', '2016-10-29 19:18:26', '1', '2' );
INSERT INTO `votes`(`id`,`vote`,`createdAt`,`updatedAt`,`UserId`,`MatchedId`) VALUES ( '4', '1', '2016-10-29 19:18:27', '2016-10-29 19:18:27', '1', '2' );
INSERT INTO `votes`(`id`,`vote`,`createdAt`,`updatedAt`,`UserId`,`MatchedId`) VALUES ( '5', '1', '2016-10-29 19:18:27', '2016-10-29 19:18:27', '1', '2' );
INSERT INTO `votes`(`id`,`vote`,`createdAt`,`updatedAt`,`UserId`,`MatchedId`) VALUES ( '6', '1', '2016-10-29 19:18:28', '2016-10-29 19:18:28', '1', '2' );
INSERT INTO `votes`(`id`,`vote`,`createdAt`,`updatedAt`,`UserId`,`MatchedId`) VALUES ( '7', '1', '2016-10-29 19:18:30', '2016-10-29 19:18:30', '1', '3' );
INSERT INTO `votes`(`id`,`vote`,`createdAt`,`updatedAt`,`UserId`,`MatchedId`) VALUES ( '8', '1', '2016-10-29 19:18:30', '2016-10-29 19:18:30', '1', '3' );
INSERT INTO `votes`(`id`,`vote`,`createdAt`,`updatedAt`,`UserId`,`MatchedId`) VALUES ( '9', '1', '2016-10-29 19:18:32', '2016-10-29 19:18:32', '1', '4' );
INSERT INTO `votes`(`id`,`vote`,`createdAt`,`updatedAt`,`UserId`,`MatchedId`) VALUES ( '10', '1', '2016-10-29 19:18:32', '2016-10-29 19:18:32', '1', '4' );
INSERT INTO `votes`(`id`,`vote`,`createdAt`,`updatedAt`,`UserId`,`MatchedId`) VALUES ( '11', '1', '2016-10-29 19:18:32', '2016-10-29 19:18:32', '1', '4' );
INSERT INTO `votes`(`id`,`vote`,`createdAt`,`updatedAt`,`UserId`,`MatchedId`) VALUES ( '12', '1', '2016-10-29 19:18:32', '2016-10-29 19:18:32', '1', '4' );
INSERT INTO `votes`(`id`,`vote`,`createdAt`,`updatedAt`,`UserId`,`MatchedId`) VALUES ( '13', '1', '2016-10-29 19:18:34', '2016-10-29 19:18:34', '1', '5' );
INSERT INTO `votes`(`id`,`vote`,`createdAt`,`updatedAt`,`UserId`,`MatchedId`) VALUES ( '14', '1', '2016-10-29 19:18:34', '2016-10-29 19:18:34', '1', '5' );
INSERT INTO `votes`(`id`,`vote`,`createdAt`,`updatedAt`,`UserId`,`MatchedId`) VALUES ( '15', '1', '2016-10-29 19:18:34', '2016-10-29 19:18:34', '1', '5' );
INSERT INTO `votes`(`id`,`vote`,`createdAt`,`updatedAt`,`UserId`,`MatchedId`) VALUES ( '16', '1', '2016-10-29 19:18:36', '2016-10-29 19:18:36', '1', '6' );
INSERT INTO `votes`(`id`,`vote`,`createdAt`,`updatedAt`,`UserId`,`MatchedId`) VALUES ( '17', '1', '2016-10-29 19:18:36', '2016-10-29 19:18:36', '1', '6' );
INSERT INTO `votes`(`id`,`vote`,`createdAt`,`updatedAt`,`UserId`,`MatchedId`) VALUES ( '18', '1', '2016-10-29 19:18:39', '2016-10-29 19:18:39', '1', '7' );
INSERT INTO `votes`(`id`,`vote`,`createdAt`,`updatedAt`,`UserId`,`MatchedId`) VALUES ( '19', '1', '2016-10-29 19:18:41', '2016-10-29 19:18:41', '1', '8' );
INSERT INTO `votes`(`id`,`vote`,`createdAt`,`updatedAt`,`UserId`,`MatchedId`) VALUES ( '20', '1', '2016-10-29 19:18:41', '2016-10-29 19:18:41', '1', '8' );
INSERT INTO `votes`(`id`,`vote`,`createdAt`,`updatedAt`,`UserId`,`MatchedId`) VALUES ( '21', '1', '2016-10-29 19:18:41', '2016-10-29 19:18:41', '1', '8' );
INSERT INTO `votes`(`id`,`vote`,`createdAt`,`updatedAt`,`UserId`,`MatchedId`) VALUES ( '22', '1', '2016-10-29 19:18:43', '2016-10-29 19:18:43', '1', '9' );
INSERT INTO `votes`(`id`,`vote`,`createdAt`,`updatedAt`,`UserId`,`MatchedId`) VALUES ( '23', '1', '2016-10-29 19:18:45', '2016-10-29 19:18:45', '1', '10' );
INSERT INTO `votes`(`id`,`vote`,`createdAt`,`updatedAt`,`UserId`,`MatchedId`) VALUES ( '24', '1', '2016-10-29 19:18:46', '2016-10-29 19:18:46', '1', '10' );
INSERT INTO `votes`(`id`,`vote`,`createdAt`,`updatedAt`,`UserId`,`MatchedId`) VALUES ( '25', '1', '2016-10-29 19:18:51', '2016-10-29 19:18:51', '1', '11' );
INSERT INTO `votes`(`id`,`vote`,`createdAt`,`updatedAt`,`UserId`,`MatchedId`) VALUES ( '26', '1', '2016-10-29 19:18:51', '2016-10-29 19:18:51', '1', '11' );
INSERT INTO `votes`(`id`,`vote`,`createdAt`,`updatedAt`,`UserId`,`MatchedId`) VALUES ( '27', '1', '2016-10-29 19:18:51', '2016-10-29 19:18:51', '1', '11' );
INSERT INTO `votes`(`id`,`vote`,`createdAt`,`updatedAt`,`UserId`,`MatchedId`) VALUES ( '28', '1', '2016-10-29 19:18:51', '2016-10-29 19:18:51', '1', '11' );
INSERT INTO `votes`(`id`,`vote`,`createdAt`,`updatedAt`,`UserId`,`MatchedId`) VALUES ( '29', '1', '2016-10-29 19:18:56', '2016-10-29 19:18:56', '1', '12' );
INSERT INTO `votes`(`id`,`vote`,`createdAt`,`updatedAt`,`UserId`,`MatchedId`) VALUES ( '30', '1', '2016-10-29 19:18:57', '2016-10-29 19:18:57', '1', '12' );
INSERT INTO `votes`(`id`,`vote`,`createdAt`,`updatedAt`,`UserId`,`MatchedId`) VALUES ( '31', '1', '2016-10-29 19:19:00', '2016-10-29 19:19:00', '1', '13' );
INSERT INTO `votes`(`id`,`vote`,`createdAt`,`updatedAt`,`UserId`,`MatchedId`) VALUES ( '32', '1', '2016-10-29 19:19:00', '2016-10-29 19:19:00', '1', '13' );
INSERT INTO `votes`(`id`,`vote`,`createdAt`,`updatedAt`,`UserId`,`MatchedId`) VALUES ( '33', '1', '2016-10-29 19:19:00', '2016-10-29 19:19:00', '1', '13' );
INSERT INTO `votes`(`id`,`vote`,`createdAt`,`updatedAt`,`UserId`,`MatchedId`) VALUES ( '34', '1', '2016-10-29 19:19:02', '2016-10-29 19:19:02', '1', '14' );
INSERT INTO `votes`(`id`,`vote`,`createdAt`,`updatedAt`,`UserId`,`MatchedId`) VALUES ( '35', '1', '2016-10-29 19:19:03', '2016-10-29 19:19:03', '1', '14' );
INSERT INTO `votes`(`id`,`vote`,`createdAt`,`updatedAt`,`UserId`,`MatchedId`) VALUES ( '36', '1', '2016-10-29 19:19:06', '2016-10-29 19:19:06', '1', '15' );
INSERT INTO `votes`(`id`,`vote`,`createdAt`,`updatedAt`,`UserId`,`MatchedId`) VALUES ( '37', '1', '2016-10-29 19:19:13', '2016-10-29 19:19:13', '1', '16' );
INSERT INTO `votes`(`id`,`vote`,`createdAt`,`updatedAt`,`UserId`,`MatchedId`) VALUES ( '38', '1', '2016-10-29 19:19:17', '2016-10-29 19:19:17', '1', '17' );
INSERT INTO `votes`(`id`,`vote`,`createdAt`,`updatedAt`,`UserId`,`MatchedId`) VALUES ( '39', '1', '2016-10-29 19:19:17', '2016-10-29 19:19:17', '1', '17' );
INSERT INTO `votes`(`id`,`vote`,`createdAt`,`updatedAt`,`UserId`,`MatchedId`) VALUES ( '40', '1', '2016-10-29 19:22:13', '2016-10-29 19:22:13', '2', '18' );
INSERT INTO `votes`(`id`,`vote`,`createdAt`,`updatedAt`,`UserId`,`MatchedId`) VALUES ( '41', '1', '2016-10-29 19:22:13', '2016-10-29 19:22:13', '2', '18' );
INSERT INTO `votes`(`id`,`vote`,`createdAt`,`updatedAt`,`UserId`,`MatchedId`) VALUES ( '42', '1', '2016-10-29 19:22:31', '2016-10-29 19:22:31', '2', '3' );
INSERT INTO `votes`(`id`,`vote`,`createdAt`,`updatedAt`,`UserId`,`MatchedId`) VALUES ( '43', '1', '2016-10-29 19:22:31', '2016-10-29 19:22:31', '2', '3' );
INSERT INTO `votes`(`id`,`vote`,`createdAt`,`updatedAt`,`UserId`,`MatchedId`) VALUES ( '44', '1', '2016-10-29 19:22:32', '2016-10-29 19:22:32', '2', '3' );
INSERT INTO `votes`(`id`,`vote`,`createdAt`,`updatedAt`,`UserId`,`MatchedId`) VALUES ( '45', '1', '2016-10-29 19:22:32', '2016-10-29 19:22:32', '2', '3' );
INSERT INTO `votes`(`id`,`vote`,`createdAt`,`updatedAt`,`UserId`,`MatchedId`) VALUES ( '46', '1', '2016-10-29 19:22:43', '2016-10-29 19:22:43', '2', '19' );
INSERT INTO `votes`(`id`,`vote`,`createdAt`,`updatedAt`,`UserId`,`MatchedId`) VALUES ( '47', '1', '2016-10-29 19:22:43', '2016-10-29 19:22:43', '2', '19' );
INSERT INTO `votes`(`id`,`vote`,`createdAt`,`updatedAt`,`UserId`,`MatchedId`) VALUES ( '48', '1', '2016-10-29 19:22:43', '2016-10-29 19:22:43', '2', '19' );
INSERT INTO `votes`(`id`,`vote`,`createdAt`,`updatedAt`,`UserId`,`MatchedId`) VALUES ( '49', '1', '2016-10-29 19:22:53', '2016-10-29 19:22:53', '2', '20' );
INSERT INTO `votes`(`id`,`vote`,`createdAt`,`updatedAt`,`UserId`,`MatchedId`) VALUES ( '50', '1', '2016-10-29 19:22:54', '2016-10-29 19:22:54', '2', '20' );
INSERT INTO `votes`(`id`,`vote`,`createdAt`,`updatedAt`,`UserId`,`MatchedId`) VALUES ( '51', '1', '2016-10-29 19:22:56', '2016-10-29 19:22:56', '2', '8' );
INSERT INTO `votes`(`id`,`vote`,`createdAt`,`updatedAt`,`UserId`,`MatchedId`) VALUES ( '52', '1', '2016-10-29 19:22:56', '2016-10-29 19:22:56', '2', '8' );
INSERT INTO `votes`(`id`,`vote`,`createdAt`,`updatedAt`,`UserId`,`MatchedId`) VALUES ( '53', '1', '2016-10-29 19:22:57', '2016-10-29 19:22:57', '2', '8' );
INSERT INTO `votes`(`id`,`vote`,`createdAt`,`updatedAt`,`UserId`,`MatchedId`) VALUES ( '54', '1', '2016-10-29 19:22:57', '2016-10-29 19:22:57', '2', '8' );
INSERT INTO `votes`(`id`,`vote`,`createdAt`,`updatedAt`,`UserId`,`MatchedId`) VALUES ( '55', '1', '2016-10-29 19:22:59', '2016-10-29 19:22:59', '2', '9' );
INSERT INTO `votes`(`id`,`vote`,`createdAt`,`updatedAt`,`UserId`,`MatchedId`) VALUES ( '56', '1', '2016-10-29 19:23:06', '2016-10-29 19:23:06', '2', '21' );
INSERT INTO `votes`(`id`,`vote`,`createdAt`,`updatedAt`,`UserId`,`MatchedId`) VALUES ( '57', '1', '2016-10-29 19:23:07', '2016-10-29 19:23:07', '2', '21' );
INSERT INTO `votes`(`id`,`vote`,`createdAt`,`updatedAt`,`UserId`,`MatchedId`) VALUES ( '58', '1', '2016-10-29 19:23:07', '2016-10-29 19:23:07', '2', '21' );
INSERT INTO `votes`(`id`,`vote`,`createdAt`,`updatedAt`,`UserId`,`MatchedId`) VALUES ( '59', '1', '2016-10-29 19:23:07', '2016-10-29 19:23:07', '2', '21' );
INSERT INTO `votes`(`id`,`vote`,`createdAt`,`updatedAt`,`UserId`,`MatchedId`) VALUES ( '60', '1', '2016-10-29 19:23:18', '2016-10-29 19:23:18', '2', '7' );
INSERT INTO `votes`(`id`,`vote`,`createdAt`,`updatedAt`,`UserId`,`MatchedId`) VALUES ( '61', '1', '2016-10-29 19:23:21', '2016-10-29 19:23:21', '2', '4' );
INSERT INTO `votes`(`id`,`vote`,`createdAt`,`updatedAt`,`UserId`,`MatchedId`) VALUES ( '62', '1', '2016-10-29 19:23:21', '2016-10-29 19:23:21', '2', '4' );
INSERT INTO `votes`(`id`,`vote`,`createdAt`,`updatedAt`,`UserId`,`MatchedId`) VALUES ( '63', '1', '2016-10-29 19:23:38', '2016-10-29 19:23:38', '2', '22' );
INSERT INTO `votes`(`id`,`vote`,`createdAt`,`updatedAt`,`UserId`,`MatchedId`) VALUES ( '64', '1', '2016-10-29 19:23:41', '2016-10-29 19:23:41', '2', '6' );
INSERT INTO `votes`(`id`,`vote`,`createdAt`,`updatedAt`,`UserId`,`MatchedId`) VALUES ( '65', '1', '2016-10-29 19:23:41', '2016-10-29 19:23:41', '2', '6' );
INSERT INTO `votes`(`id`,`vote`,`createdAt`,`updatedAt`,`UserId`,`MatchedId`) VALUES ( '66', '1', '2016-10-29 19:23:41', '2016-10-29 19:23:41', '2', '6' );
INSERT INTO `votes`(`id`,`vote`,`createdAt`,`updatedAt`,`UserId`,`MatchedId`) VALUES ( '67', '1', '2016-10-29 19:23:42', '2016-10-29 19:23:42', '2', '6' );
INSERT INTO `votes`(`id`,`vote`,`createdAt`,`updatedAt`,`UserId`,`MatchedId`) VALUES ( '68', '1', '2016-10-29 19:23:52', '2016-10-29 19:23:52', '2', '23' );
INSERT INTO `votes`(`id`,`vote`,`createdAt`,`updatedAt`,`UserId`,`MatchedId`) VALUES ( '69', '1', '2016-10-29 19:23:52', '2016-10-29 19:23:52', '2', '23' );
INSERT INTO `votes`(`id`,`vote`,`createdAt`,`updatedAt`,`UserId`,`MatchedId`) VALUES ( '70', '1', '2016-10-29 19:23:52', '2016-10-29 19:23:52', '2', '23' );
INSERT INTO `votes`(`id`,`vote`,`createdAt`,`updatedAt`,`UserId`,`MatchedId`) VALUES ( '71', '1', '2016-10-29 19:23:52', '2016-10-29 19:23:52', '2', '23' );
INSERT INTO `votes`(`id`,`vote`,`createdAt`,`updatedAt`,`UserId`,`MatchedId`) VALUES ( '72', '1', '2016-10-29 19:24:04', '2016-10-29 19:24:04', '2', '24' );
INSERT INTO `votes`(`id`,`vote`,`createdAt`,`updatedAt`,`UserId`,`MatchedId`) VALUES ( '73', '1', '2016-10-29 19:24:10', '2016-10-29 19:24:10', '2', '1' );
INSERT INTO `votes`(`id`,`vote`,`createdAt`,`updatedAt`,`UserId`,`MatchedId`) VALUES ( '74', '0', '2016-10-29 19:26:27', '2016-10-29 19:26:27', '3', '19' );
INSERT INTO `votes`(`id`,`vote`,`createdAt`,`updatedAt`,`UserId`,`MatchedId`) VALUES ( '75', '0', '2016-10-29 19:26:27', '2016-10-29 19:26:27', '3', '19' );
INSERT INTO `votes`(`id`,`vote`,`createdAt`,`updatedAt`,`UserId`,`MatchedId`) VALUES ( '76', '0', '2016-10-29 19:26:27', '2016-10-29 19:26:27', '3', '19' );
INSERT INTO `votes`(`id`,`vote`,`createdAt`,`updatedAt`,`UserId`,`MatchedId`) VALUES ( '77', '0', '2016-10-29 19:26:28', '2016-10-29 19:26:28', '3', '19' );
INSERT INTO `votes`(`id`,`vote`,`createdAt`,`updatedAt`,`UserId`,`MatchedId`) VALUES ( '78', '0', '2016-10-29 19:26:30', '2016-10-29 19:26:30', '3', '7' );
INSERT INTO `votes`(`id`,`vote`,`createdAt`,`updatedAt`,`UserId`,`MatchedId`) VALUES ( '79', '1', '2016-10-29 19:26:32', '2016-10-29 19:26:32', '3', '14' );
INSERT INTO `votes`(`id`,`vote`,`createdAt`,`updatedAt`,`UserId`,`MatchedId`) VALUES ( '80', '1', '2016-10-29 19:26:33', '2016-10-29 19:26:33', '3', '14' );
INSERT INTO `votes`(`id`,`vote`,`createdAt`,`updatedAt`,`UserId`,`MatchedId`) VALUES ( '81', '0', '2016-10-29 19:26:34', '2016-10-29 19:26:34', '3', '14' );
INSERT INTO `votes`(`id`,`vote`,`createdAt`,`updatedAt`,`UserId`,`MatchedId`) VALUES ( '82', '0', '2016-10-29 19:26:35', '2016-10-29 19:26:35', '3', '14' );
INSERT INTO `votes`(`id`,`vote`,`createdAt`,`updatedAt`,`UserId`,`MatchedId`) VALUES ( '83', '0', '2016-10-29 19:26:38', '2016-10-29 19:26:38', '3', '22' );
INSERT INTO `votes`(`id`,`vote`,`createdAt`,`updatedAt`,`UserId`,`MatchedId`) VALUES ( '84', '0', '2016-10-29 19:26:39', '2016-10-29 19:26:39', '3', '22' );
INSERT INTO `votes`(`id`,`vote`,`createdAt`,`updatedAt`,`UserId`,`MatchedId`) VALUES ( '85', '0', '2016-10-29 19:26:40', '2016-10-29 19:26:40', '3', '22' );
INSERT INTO `votes`(`id`,`vote`,`createdAt`,`updatedAt`,`UserId`,`MatchedId`) VALUES ( '86', '0', '2016-10-29 19:26:43', '2016-10-29 19:26:43', '3', '10' );
INSERT INTO `votes`(`id`,`vote`,`createdAt`,`updatedAt`,`UserId`,`MatchedId`) VALUES ( '87', '0', '2016-10-29 19:26:43', '2016-10-29 19:26:43', '3', '10' );
INSERT INTO `votes`(`id`,`vote`,`createdAt`,`updatedAt`,`UserId`,`MatchedId`) VALUES ( '88', '0', '2016-10-29 19:26:43', '2016-10-29 19:26:43', '3', '10' );
INSERT INTO `votes`(`id`,`vote`,`createdAt`,`updatedAt`,`UserId`,`MatchedId`) VALUES ( '89', '0', '2016-10-29 19:26:46', '2016-10-29 19:26:46', '3', '24' );
INSERT INTO `votes`(`id`,`vote`,`createdAt`,`updatedAt`,`UserId`,`MatchedId`) VALUES ( '90', '1', '2016-10-29 19:26:47', '2016-10-29 19:26:47', '3', '24' );
INSERT INTO `votes`(`id`,`vote`,`createdAt`,`updatedAt`,`UserId`,`MatchedId`) VALUES ( '91', '0', '2016-10-29 19:26:47', '2016-10-29 19:26:47', '3', '24' );
INSERT INTO `votes`(`id`,`vote`,`createdAt`,`updatedAt`,`UserId`,`MatchedId`) VALUES ( '92', '1', '2016-10-29 19:26:48', '2016-10-29 19:26:48', '3', '24' );
INSERT INTO `votes`(`id`,`vote`,`createdAt`,`updatedAt`,`UserId`,`MatchedId`) VALUES ( '93', '0', '2016-10-29 19:26:53', '2016-10-29 19:26:53', '3', '1' );
INSERT INTO `votes`(`id`,`vote`,`createdAt`,`updatedAt`,`UserId`,`MatchedId`) VALUES ( '94', '0', '2016-10-29 19:26:54', '2016-10-29 19:26:54', '3', '1' );
INSERT INTO `votes`(`id`,`vote`,`createdAt`,`updatedAt`,`UserId`,`MatchedId`) VALUES ( '95', '1', '2016-10-29 19:27:02', '2016-10-29 19:27:02', '3', '9' );
INSERT INTO `votes`(`id`,`vote`,`createdAt`,`updatedAt`,`UserId`,`MatchedId`) VALUES ( '96', '0', '2016-10-29 19:27:03', '2016-10-29 19:27:03', '3', '9' );
INSERT INTO `votes`(`id`,`vote`,`createdAt`,`updatedAt`,`UserId`,`MatchedId`) VALUES ( '97', '0', '2016-10-29 19:27:06', '2016-10-29 19:27:06', '3', '18' );
INSERT INTO `votes`(`id`,`vote`,`createdAt`,`updatedAt`,`UserId`,`MatchedId`) VALUES ( '98', '0', '2016-10-29 19:27:08', '2016-10-29 19:27:08', '3', '3' );
INSERT INTO `votes`(`id`,`vote`,`createdAt`,`updatedAt`,`UserId`,`MatchedId`) VALUES ( '99', '1', '2016-10-29 19:27:33', '2016-10-29 19:27:33', '3', '4' );
INSERT INTO `votes`(`id`,`vote`,`createdAt`,`updatedAt`,`UserId`,`MatchedId`) VALUES ( '100', '0', '2016-10-29 19:27:35', '2016-10-29 19:27:35', '3', '4' );
INSERT INTO `votes`(`id`,`vote`,`createdAt`,`updatedAt`,`UserId`,`MatchedId`) VALUES ( '101', '0', '2016-10-29 19:27:38', '2016-10-29 19:27:38', '3', '17' );
INSERT INTO `votes`(`id`,`vote`,`createdAt`,`updatedAt`,`UserId`,`MatchedId`) VALUES ( '102', '1', '2016-10-29 19:27:38', '2016-10-29 19:27:38', '3', '17' );
INSERT INTO `votes`(`id`,`vote`,`createdAt`,`updatedAt`,`UserId`,`MatchedId`) VALUES ( '103', '1', '2016-10-29 19:27:43', '2016-10-29 19:27:43', '3', '23' );
INSERT INTO `votes`(`id`,`vote`,`createdAt`,`updatedAt`,`UserId`,`MatchedId`) VALUES ( '104', '1', '2016-10-29 19:27:43', '2016-10-29 19:27:43', '3', '23' );
INSERT INTO `votes`(`id`,`vote`,`createdAt`,`updatedAt`,`UserId`,`MatchedId`) VALUES ( '105', '1', '2016-10-29 19:28:43', '2016-10-29 19:28:43', '3', '21' );
INSERT INTO `votes`(`id`,`vote`,`createdAt`,`updatedAt`,`UserId`,`MatchedId`) VALUES ( '106', '1', '2016-10-29 19:28:50', '2016-10-29 19:28:50', '3', '2' );
INSERT INTO `votes`(`id`,`vote`,`createdAt`,`updatedAt`,`UserId`,`MatchedId`) VALUES ( '107', '1', '2016-10-29 19:28:51', '2016-10-29 19:28:51', '3', '2' );
INSERT INTO `votes`(`id`,`vote`,`createdAt`,`updatedAt`,`UserId`,`MatchedId`) VALUES ( '108', '1', '2016-10-29 19:28:55', '2016-10-29 19:28:55', '3', '15' );
INSERT INTO `votes`(`id`,`vote`,`createdAt`,`updatedAt`,`UserId`,`MatchedId`) VALUES ( '109', '1', '2016-10-29 19:28:55', '2016-10-29 19:28:55', '3', '15' );
INSERT INTO `votes`(`id`,`vote`,`createdAt`,`updatedAt`,`UserId`,`MatchedId`) VALUES ( '110', '1', '2016-10-29 19:28:56', '2016-10-29 19:28:56', '3', '15' );
INSERT INTO `votes`(`id`,`vote`,`createdAt`,`updatedAt`,`UserId`,`MatchedId`) VALUES ( '111', '1', '2016-10-29 19:29:03', '2016-10-29 19:29:03', '3', '6' );
INSERT INTO `votes`(`id`,`vote`,`createdAt`,`updatedAt`,`UserId`,`MatchedId`) VALUES ( '112', '1', '2016-10-29 19:30:17', '2016-10-29 19:30:17', '3', '20' );
INSERT INTO `votes`(`id`,`vote`,`createdAt`,`updatedAt`,`UserId`,`MatchedId`) VALUES ( '113', '1', '2016-10-29 19:30:23', '2016-10-29 19:30:23', '3', '25' );
-- ---------------------------------------------------------


/*!40101 SET SQL_MODE=@OLD_SQL_MODE */;
/*!40014 SET FOREIGN_KEY_CHECKS=@OLD_FOREIGN_KEY_CHECKS */;
/*!40101 SET CHARACTER_SET_CLIENT=@OLD_CHARACTER_SET_CLIENT */;
/*!40101 SET CHARACTER_SET_RESULTS=@OLD_CHARACTER_SET_RESULTS */;
/*!40101 SET COLLATION_CONNECTION=@OLD_COLLATION_CONNECTION */;
-- ---------------------------------------------------------


